"site","year","date","obs","time","fstype","fstype2","temp","wind","sky","noise","squirrels","chipmunks","thinned","pine","ftc_defoliation","worm_pres","worm_floor","worm_impacts"
4.00,2012,6/28/2012 0:00:00,92,12/30/1899 6:03:00,30 00 32 00 36 00 ,,58,0,1,2,2,0,,,0,,,
5.00,2012,6/28/2012 0:00:00,92,12/30/1899 5:25:00,30 00 32 00 36 00 ,,59,0,1,2,3,0,,,0,,,
6.00,2012,6/28/2012 0:00:00,92,12/30/1899 6:25:00,30 00 32 00 36 00 ,,58,0,1,2,0,0,,,0,,,
7.00,2012,6/28/2012 0:00:00,92,12/30/1899 6:50:00,30 00 32 00 38 00 ,,58,0,1,2,2,0,,,0,,,
8.00,2012,6/28/2012 0:00:00,92,12/30/1899 7:15:00,30 00 32 00 38 00 ,,60,1,1,2,2,0,,,0,,,
9.00,2012,6/28/2012 0:00:00,92,12/30/1899 7:39:00,31 00 31 00 38 00 ,,62,1,1,2,0,2,,,0,,,
10.00,2012,6/28/2012 0:00:00,92,12/30/1899 9:22:00,30 00 31 00 39 00 ,,72,3,0,0,0,2,,,0,,,
11.00,2012,6/28/2012 0:00:00,92,12/30/1899 10:03:00,30 00 31 00 36 00 ,,72,4,0,1,0,0,,,0,,,
12.00,2012,6/28/2012 0:00:00,92,12/30/1899 10:19:00,30 00 31 00 36 00 ,,73,3,0,1,2,1,,,0,,,
13.00,2012,6/30/2012 0:00:00,91,12/30/1899 8:24:00,31 00 38 00 36 00 ,,65,0,0,0,1,0,,,0,,,
14.00,2012,6/30/2012 0:00:00,91,12/30/1899 8:42:00,31 00 38 00 36 00 ,,66,0,0,1,1,0,,,0,,,
15.00,2012,6/30/2012 0:00:00,91,12/30/1899 9:07:00,31 00 38 00 36 00 ,,66,0,0,0,0,0,,,0,,,
16.00,2012,6/30/2012 0:00:00,91,12/30/1899 5:20:00,31 00 34 00 36 00 ,,63,0,0,0,0,0,,,0,,,
17.00,2012,6/30/2012 0:00:00,91,12/30/1899 5:37:00,31 00 34 00 36 00 ,,59,0,0,0,1,0,,,0,,,
18.00,2012,6/30/2012 0:00:00,91,12/30/1899 5:58:00,31 00 34 00 36 00 ,,58,0,0,0,2,0,,,0,,,
19.00,2012,6/30/2012 0:00:00,91,12/30/1899 6:39:00,31 00 38 00 36 00 ,,59,0,0,0,1,0,,,0,,,
20.00,2012,6/30/2012 0:00:00,91,12/30/1899 7:08:00,31 00 38 00 36 00 ,,57,0,0,1,0,0,,,0,,,
21.00,2012,6/30/2012 0:00:00,91,12/30/1899 7:29:00,31 00 38 00 36 00 ,,58,0,0,0,1,0,,,0,,,
22.00,2012,6/30/2012 0:00:00,91,12/30/1899 9:51:00,31 00 38 00 36 00 ,,67,0,0,0,0,0,,,0,,,
23.00,2012,6/30/2012 0:00:00,91,12/30/1899 10:34:00,31 00 38 00 36 00 ,,78,2,0,1,0,0,,,0,,,
24.00,2012,6/30/2012 0:00:00,91,12/30/1899 10:17:00,31 00 38 00 36 00 ,,72,0,0,1,0,0,,,0,,,
25.00,2012,6/30/2012 0:00:00,92,12/30/1899 7:58:00,31 00 38 00 35 00 ,,64,0,0,0,2,0,,,0,,,
26.00,2012,6/30/2012 0:00:00,92,12/30/1899 9:05:00,31 00 38 00 35 00 ,,70,0,0,0,0,0,,,0,,,
27.00,2012,6/30/2012 0:00:00,92,12/30/1899 8:38:00,31 00 38 00 35 00 ,,68,0,0,0,0,0,,,0,,,
28.00,2012,6/30/2012 0:00:00,79,12/30/1899 5:46:00,31 00 38 00 36 00 ,,53,0,1,0,0,0,,,0,,,
29.00,2012,6/30/2012 0:00:00,79,12/30/1899 5:30:00,31 00 38 00 36 00 ,,53,0,1,0,1,0,,,0,,,
30.00,2012,6/30/2012 0:00:00,79,12/30/1899 5:15:00,31 00 38 00 36 00 ,,52,0,1,0,0,0,,,0,,,
31.00,2012,6/29/2012 0:00:00,87,12/30/1899 8:45:00,39 00 39 00 30 00 ,,80,1,0,0,0,0,31 00 ,,0,,,
32.00,2012,6/29/2012 0:00:00,87,12/30/1899 9:05:00,39 00 39 00 30 00 ,,80,1,0,1,1,0,31 00 ,,0,,,
33.00,2012,6/29/2012 0:00:00,87,12/30/1899 9:25:00,39 00 39 00 30 00 ,,80,1,0,0,0,0,31 00 ,,0,,,
34.00,2012,6/30/2012 0:00:00,79,12/30/1899 7:27:00,39 00 31 00 39 00 ,,55,0,1,0,0,0,,,0,,,
35.00,2012,6/30/2012 0:00:00,79,12/30/1899 7:43:00,39 00 31 00 36 00 ,,55,0,1,0,1,0,,,0,,,
36.00,2012,6/30/2012 0:00:00,79,12/30/1899 8:01:00,39 00 31 00 36 00 ,,55,1,1,0,1,0,,,0,,,
37.00,2012,6/30/2012 0:00:00,79,12/30/1899 8:26:00,31 00 38 00 36 00 ,,58,0,1,0,1,0,,,0,,,
38.00,2012,6/30/2012 0:00:00,79,12/30/1899 8:42:00,31 00 38 00 36 00 ,,60,0,1,0,2,0,,,0,,,
40.00,2012,6/29/2012 0:00:00,87,12/30/1899 4:59:00,35 00 35 00 36 00 ,,70,0,1,2,0,0,,,0,,,
41.00,2012,6/29/2012 0:00:00,87,12/30/1899 5:23:00,30 00 32 00 34 00 ,,70,0,1,0,1,0,,,0,,,
42.00,2012,6/29/2012 0:00:00,87,12/30/1899 5:46:00,30 00 32 00 33 00 ,,70,0,0,0,2,0,,,0,,,
43.00,2012,6/29/2012 0:00:00,87,12/30/1899 6:10:00,30 00 32 00 33 00 ,,65,0,0,0,1,0,,,0,,,
44.00,2012,6/29/2012 0:00:00,87,12/30/1899 6:34:00,35 00 35 00 39 00 ,,70,1,0,0,0,0,,,0,,,
45.00,2012,6/29/2012 0:00:00,87,12/30/1899 6:56:00,39 00 39 00 30 00 ,,70,1,0,0,0,0,,,0,,,
46.00,2012,6/29/2012 0:00:00,87,12/30/1899 7:30:00,39 00 31 00 36 00 ,,71,1,0,0,0,0,,,0,,,
47.00,2012,6/29/2012 0:00:00,87,12/30/1899 7:49:00,39 00 31 00 36 00 ,,71,1,0,0,0,0,,,0,,,
48.00,2012,6/29/2012 0:00:00,87,12/30/1899 8:18:00,39 00 31 00 36 00 ,,71,1,0,0,0,0,,,0,,,
49.00,2012,7/1/2012 0:00:00,79,12/30/1899 6:07:00,30 00 32 00 37 00 ,,63,1,7,1,1,0,,,0,,,
52.00,2012,7/1/2012 0:00:00,79,12/30/1899 5:43:00,39 00 31 00 33 00 ,,63,0,3,2,0,0,,,0,,,
53.00,2012,7/1/2012 0:00:00,79,12/30/1899 5:29:00,39 00 31 00 33 00 ,,63,0,3,2,1,0,,,0,,,
54.00,2012,7/1/2012 0:00:00,79,12/30/1899 5:10:00,35 00 35 00 34 00 ,,62,0,3,2,2,0,,,0,,,
55.00,2012,7/1/2012 0:00:00,79,12/30/1899 6:42:00,35 00 35 00 36 00 ,,65,1,6,1,0,0,,,0,,,
56.00,2012,7/1/2012 0:00:00,79,12/30/1899 7:11:00,35 00 35 00 36 00 ,,70,1,6,1,0,0,,,0,,,
57.00,2012,7/1/2012 0:00:00,79,12/30/1899 7:30:00,35 00 35 00 36 00 ,,67,2,6,1,0,0,,,0,,,
58.00,2012,7/1/2012 0:00:00,79,12/30/1899 7:44:00,35 00 35 00 36 00 ,,68,2,6,1,0,0,,,0,,,
59.00,2012,7/1/2012 0:00:00,79,12/30/1899 7:58:00,35 00 35 00 36 00 ,,69,1,6,1,0,0,,,0,,,
60.00,2012,7/1/2012 0:00:00,79,12/30/1899 6:57:00,35 00 35 00 36 00 ,,65,1,6,1,0,0,,,0,,,
61.00,2012,6/30/2012 0:00:00,87,12/30/1899 8:40:00,35 00 35 00 39 00 ,,68,0,0,0,0,0,,,0,,,
62.00,2012,6/30/2012 0:00:00,87,12/30/1899 8:58:00,35 00 35 00 39 00 ,,68,0,0,0,0,0,,,0,,,
63.00,2012,6/30/2012 0:00:00,87,12/30/1899 9:17:00,35 00 35 00 39 00 ,,68,0,0,0,1,0,,,0,,,
64.00,2012,6/30/2012 0:00:00,87,12/30/1899 5:00:00,35 00 35 00 39 00 ,,58,0,2,0,0,0,,,0,,,
65.00,2012,6/30/2012 0:00:00,87,12/30/1899 5:41:00,35 00 35 00 39 00 ,,58,0,1,0,0,0,,,0,,,
66.00,2012,6/30/2012 0:00:00,87,12/30/1899 5:21:00,35 00 35 00 39 00 ,,58,0,1,0,0,0,,,0,,,
67.00,2012,6/30/2012 0:00:00,87,12/30/1899 6:13:00,39 00 31 00 39 00 ,,58,0,1,0,0,0,,,0,,,
68.00,2012,6/30/2012 0:00:00,87,12/30/1899 6:33:00,39 00 31 00 39 00 ,,58,0,1,0,0,0,,,0,,,
69.00,2012,6/30/2012 0:00:00,87,12/30/1899 6:52:00,39 00 31 00 39 00 ,,58,0,1,0,1,0,,,0,,,
70.00,2012,6/30/2012 0:00:00,87,12/30/1899 7:45:00,31 00 36 00 31 00 ,,58,0,0,0,0,0,,,0,,,
71.00,2012,6/30/2012 0:00:00,87,12/30/1899 7:29:00,31 00 36 00 31 00 ,,60,1,1,0,1,0,,,0,,,
72.00,2012,6/30/2012 0:00:00,87,12/30/1899 8:07:00,31 00 36 00 31 00 ,,60,0,0,0,0,0,,,0,,,
73.00,2012,7/1/2012 0:00:00,87,12/30/1899 5:29:00,30 00 33 00 39 00 ,,63,1,3,0,0,0,,,0,,,
74.00,2012,7/1/2012 0:00:00,87,12/30/1899 5:47:00,30 00 33 00 39 00 ,,63,1,2,0,1,0,,,0,,,
75.00,2012,7/1/2012 0:00:00,87,12/30/1899 6:09:00,30 00 32 00 39 00 ,,63,0,3,0,1,0,,,0,,,
76.00,2012,7/1/2012 0:00:00,87,12/30/1899 6:33:00,30 00 32 00 39 00 ,,63,1,6,1,1,0,,,0,,,
77.00,2012,7/1/2012 0:00:00,87,12/30/1899 6:50:00,30 00 32 00 39 00 ,,63,0,2,0,0,0,,,0,,,
78.00,2012,7/1/2012 0:00:00,87,12/30/1899 5:11:00,30 00 33 00 39 00 ,,63,1,3,0,0,0,,,0,,,
79.00,2012,7/1/2012 0:00:00,87,12/30/1899 7:18:00,39 00 31 00 33 00 ,,64,1,1,0,0,0,,,0,,,
80.00,2012,7/1/2012 0:00:00,87,12/30/1899 8:06:00,39 00 31 00 33 00 ,,64,1,1,0,0,0,,,0,,,
81.00,2012,7/1/2012 0:00:00,87,12/30/1899 7:36:00,39 00 31 00 33 00 ,,64,1,6,0,0,0,,,0,,,
82.00,2012,6/21/2012 0:00:00,92,12/30/1899 5:18:00,30 00 32 00 39 00 ,,58,2,2,0,0,1,,,0,,,
83.00,2012,6/21/2012 0:00:00,92,12/30/1899 5:40:00,30 00 32 00 39 00 ,,58,2,2,0,3,0,,,0,,,
84.00,2012,6/21/2012 0:00:00,92,12/30/1899 6:00:00,30 00 32 00 39 00 ,,56,2,2,0,0,0,,,0,,,
85.00,2012,6/21/2012 0:00:00,92,12/30/1899 8:09:00,30 00 33 00 39 00 ,,68,3,1,0,0,0,,,0,,,
86.00,2012,6/21/2012 0:00:00,92,12/30/1899 8:34:00,30 00 33 00 39 00 ,,58,4,1,0,1,0,,,0,,,
87.00,2012,6/21/2012 0:00:00,92,12/30/1899 8:50:00,30 00 33 00 39 00 ,,58,3,0,0,1,0,,,0,,,
88.00,2012,6/21/2012 0:00:00,92,12/30/1899 9:14:00,31 00 31 00 39 00 ,,60,3,0,1,0,0,,,0,,,
89.00,2012,6/21/2012 0:00:00,92,12/30/1899 9:38:00,30 00 33 00 39 00 ,,60,3,0,0,1,0,,,0,,,
90.00,2012,6/21/2012 0:00:00,92,12/30/1899 10:02:00,30 00 33 00 39 00 ,,62,3,0,0,0,0,,,0,,,
91.00,2012,6/21/2012 0:00:00,92,12/30/1899 7:27:00,30 00 33 00 38 00 ,,58,2,2,0,0,0,,,0,,,
92.00,2012,6/21/2012 0:00:00,92,12/30/1899 7:00:00,30 00 33 00 38 00 ,,57,2,2,0,0,1,,,0,,,
93.00,2012,6/21/2012 0:00:00,92,12/30/1899 6:40:00,30 00 33 00 38 00 ,,56,2,2,0,0,0,,,0,,,
94.00,2012,6/18/2012 0:00:00,91,12/30/1899 4:52:00,39 00 31 00 39 00 ,,68,4,3,0,0,0,,,0,,,
95.00,2012,6/18/2012 0:00:00,91,12/30/1899 5:13:00,39 00 31 00 39 00 ,,69,4,3,0,0,0,,,0,,,
96.00,2012,6/18/2012 0:00:00,91,12/30/1899 5:31:00,39 00 31 00 39 00 ,,65,2,3,0,0,0,,,0,,,
97.00,2012,6/18/2012 0:00:00,91,12/30/1899 5:55:00,39 00 32 00 39 00 ,,66,2,3,0,0,0,,,0,,,
98.00,2012,6/18/2012 0:00:00,91,12/30/1899 6:14:00,39 00 32 00 39 00 ,,68,2,1,0,0,0,,,0,,,
99.00,2012,6/18/2012 0:00:00,91,12/30/1899 6:38:00,39 00 32 00 39 00 ,,68,1,3,0,0,0,,,0,,,
100.00,2012,6/18/2012 0:00:00,91,12/30/1899 7:06:00,39 00 31 00 36 00 ,,66,2,2,1,0,0,,,0,,,
101.00,2012,6/18/2012 0:00:00,91,12/30/1899 7:24:00,39 00 31 00 31 00 ,,67,3,3,0,0,0,,,0,,,
102.00,2012,6/18/2012 0:00:00,91,12/30/1899 7:43:00,39 00 30 00 39 00 ,,69,1,3,0,0,0,,,0,,,
106.00,2012,6/18/2012 0:00:00,92,12/30/1899 5:06:00,35 00 35 00 39 00 ,,64,2,3,0,0,0,,,0,,,
107.00,2012,6/18/2012 0:00:00,92,12/30/1899 5:33:00,35 00 35 00 39 00 ,,63,1,3,0,0,0,,,0,,,
108.00,2012,6/18/2012 0:00:00,92,12/30/1899 5:48:00,35 00 35 00 39 00 ,,63,0,3,0,0,0,,,0,,,
109.00,2012,6/18/2012 0:00:00,92,12/30/1899 6:58:00,39 00 32 00 39 00 ,,64,1,3,0,0,0,,,0,,,
110.00,2012,6/18/2012 0:00:00,92,12/30/1899 7:19:00,39 00 30 00 39 00 ,,63,1,2,0,0,0,,,0,,,
111.00,2012,6/18/2012 0:00:00,92,12/30/1899 7:38:00,35 00 35 00 39 00 ,,64,0,3,0,0,0,,,0,,,
112.00,2012,6/18/2012 0:00:00,92,12/30/1899 7:58:00,39 00 31 00 39 00 ,,66,0,2,0,0,0,,,0,,,
113.00,2012,6/18/2012 0:00:00,92,12/30/1899 8:32:00,39 00 31 00 39 00 ,,67,2,2,0,0,0,,,0,,,
114.00,2012,6/18/2012 0:00:00,92,12/30/1899 8:58:00,39 00 31 00 33 00 ,,68,2,2,0,0,0,,,0,,,
115.00,2012,6/18/2012 0:00:00,92,12/30/1899 9:17:00,35 00 35 00 39 00 ,,68,1,1,0,0,0,,,0,,,
116.00,2012,6/18/2012 0:00:00,92,12/30/1899 6:21:00,35 00 35 00 39 00 ,,63,2,3,0,0,0,,,0,,,
117.00,2012,6/18/2012 0:00:00,92,12/30/1899 6:38:00,35 00 35 00 39 00 ,,62,0,3,0,0,0,,,0,,,
118.00,2012,7/2/2012 0:00:00,87,12/30/1899 5:16:00,39 00 31 00 33 00 ,,70,3,2,0,0,0,,,0,,,
119.00,2012,7/2/2012 0:00:00,87,12/30/1899 5:44:00,39 00 31 00 33 00 ,,71,2,1,0,0,0,,,0,,,
120.00,2012,7/2/2012 0:00:00,87,12/30/1899 6:04:00,39 00 31 00 33 00 ,,71,2,2,0,1,0,,,0,,,
121.00,2012,7/2/2012 0:00:00,87,12/30/1899 6:21:00,39 00 31 00 33 00 ,,71,2,2,0,0,0,,,0,,,
122.00,2012,7/2/2012 0:00:00,87,12/30/1899 6:39:00,39 00 31 00 33 00 ,,71,2,2,0,0,0,,,0,,,
123.00,2012,7/2/2012 0:00:00,87,12/30/1899 6:58:00,39 00 31 00 33 00 ,,71,2,2,0,0,0,,,0,,,
124.00,2012,7/2/2012 0:00:00,79,12/30/1899 5:50:00,39 00 32 00 36 00 ,,72,3,1,1,0,0,,,0,,,
125.00,2012,7/2/2012 0:00:00,79,12/30/1899 6:05:00,39 00 32 00 36 00 ,,71,3,2,1,0,0,,,0,,,
126.00,2012,7/2/2012 0:00:00,79,12/30/1899 6:23:00,39 00 32 00 36 00 ,,71,4,2,1,0,0,,,0,,,
127.00,2012,7/2/2012 0:00:00,79,12/30/1899 7:07:00,39 00 32 00 36 00 ,,70,3,1,1,0,0,,,0,,,
128.00,2012,7/2/2012 0:00:00,79,12/30/1899 7:24:00,39 00 32 00 36 00 ,,72,3,1,1,0,1,,,0,,,
129.00,2012,7/2/2012 0:00:00,79,12/30/1899 7:39:00,39 00 32 00 36 00 ,,73,3,1,1,0,0,,,0,,,
130.00,2012,6/27/2012 0:00:00,87,12/30/1899 4:53:00,31 00 35 00 36 00 ,,61,0,1,0,0,0,,,0,,,
131.00,2012,6/27/2012 0:00:00,87,12/30/1899 5:39:00,31 00 35 00 36 00 ,,61,1,1,0,0,0,,,0,,,
132.00,2012,6/27/2012 0:00:00,87,12/30/1899 5:14:00,31 00 35 00 36 00 ,,61,0,1,0,0,0,,,0,,,
133.00,2012,6/27/2012 0:00:00,87,12/30/1899 5:59:00,31 00 35 00 36 00 ,,68,0,1,0,1,0,,,0,,,
134.00,2012,6/27/2012 0:00:00,87,12/30/1899 6:19:00,31 00 38 00 34 00 ,,68,0,1,0,0,0,,,0,,,
135.00,2012,6/27/2012 0:00:00,87,12/30/1899 6:41:00,31 00 32 00 35 00 ,,68,0,1,0,0,0,,,0,,,
136.00,2012,6/27/2012 0:00:00,87,12/30/1899 7:40:00,31 00 38 00 36 00 ,,76,1,0,0,0,0,,,0,,,
137.00,2012,6/27/2012 0:00:00,87,12/30/1899 8:02:00,31 00 38 00 36 00 ,,74,1,0,0,1,0,,,0,,,
138.00,2012,6/27/2012 0:00:00,87,12/30/1899 8:28:00,31 00 38 00 36 00 ,,74,1,0,0,0,0,,,0,,,
139.00,2012,6/27/2012 0:00:00,87,12/30/1899 9:10:00,31 00 32 00 36 00 ,,78,2,0,0,1,0,,,0,,,
140.00,2012,6/27/2012 0:00:00,87,12/30/1899 9:28:00,31 00 32 00 36 00 ,,78,1,0,0,0,0,,,0,,,
141.00,2012,6/27/2012 0:00:00,87,12/30/1899 9:45:00,31 00 32 00 36 00 ,,78,1,0,0,0,0,,,0,,,
143.00,2012,6/27/2012 0:00:00,79,12/30/1899 7:17:00,35 00 35 00 39 00 ,,63,0,0,1,0,0,,,0,,,
144.00,2012,6/27/2012 0:00:00,79,12/30/1899 7:34:00,35 00 35 00 39 00 ,,63,2,0,2,0,0,,,0,,,
145.00,2012,6/27/2012 0:00:00,79,12/30/1899 6:33:00,39 00 31 00 33 00 ,,62,2,1,1,0,0,,,0,,,
146.00,2012,6/27/2012 0:00:00,79,12/30/1899 6:51:00,39 00 31 00 33 00 ,,60,3,1,1,0,0,,,0,,,
147.00,2012,6/27/2012 0:00:00,79,12/30/1899 6:14:00,39 00 31 00 33 00 ,,60,2,1,1,0,0,,,0,,,
148.00,2012,6/27/2012 0:00:00,79,12/30/1899 7:50:00,35 00 35 00 39 00 ,,65,3,0,1,0,0,,,0,,,
152.00,2012,6/27/2012 0:00:00,79,12/30/1899 5:07:00,39 00 31 00 33 00 ,,60,3,1,1,0,1,,,0,,,
153.00,2012,6/27/2012 0:00:00,79,12/30/1899 5:23:00,39 00 31 00 33 00 ,,60,3,1,1,0,0,,,0,,,
154.00,2012,6/27/2012 0:00:00,79,12/30/1899 5:41:00,39 00 31 00 31 00 ,,60,3,1,1,0,0,,,0,,,
155.00,2012,6/28/2012 0:00:00,91,12/30/1899 7:27:00,30 00 32 00 39 00 ,,66,1,1,0,0,0,,,0,,,
156.00,2012,6/28/2012 0:00:00,91,12/30/1899 7:42:00,30 00 32 00 39 00 ,,70,2,1,0,0,0,,,0,,,
157.00,2012,6/28/2012 0:00:00,91,12/30/1899 7:56:00,30 00 32 00 39 00 ,,69,1,2,0,0,0,,,0,,,
158.00,2012,6/28/2012 0:00:00,91,12/30/1899 8:14:00,30 00 32 00 39 00 ,,71,2,2,0,1,0,,,0,,,
159.00,2012,6/28/2012 0:00:00,91,12/30/1899 8:28:00,30 00 32 00 39 00 ,,71,3,2,0,0,0,,,0,,,
160.00,2012,6/28/2012 0:00:00,91,12/30/1899 8:42:00,30 00 32 00 39 00 ,,70,1,1,0,2,0,,,0,,,
161.00,2012,6/28/2012 0:00:00,91,12/30/1899 9:34:00,30 00 32 00 39 00 ,,74,4,0,0,1,0,,,0,,,
162.00,2012,6/28/2012 0:00:00,91,12/30/1899 9:17:00,30 00 32 00 39 00 ,,71,3,0,0,0,0,,,0,,,
163.00,2012,6/28/2012 0:00:00,91,12/30/1899 9:04:00,30 00 32 00 39 00 ,,72,3,0,0,1,0,,,0,,,
164.00,2012,6/28/2012 0:00:00,91,12/30/1899 7:04:00,30 00 32 00 39 00 ,,64,2,1,0,1,0,,,0,,,
165.00,2012,6/28/2012 0:00:00,91,12/30/1899 6:18:00,30 00 32 00 39 00 ,,62,0,2,0,0,0,,,0,,,
166.00,2012,6/28/2012 0:00:00,91,12/30/1899 6:36:00,30 00 32 00 39 00 ,,63,0,2,2,2,0,,,0,,,
167.00,2012,6/28/2012 0:00:00,91,12/30/1899 5:15:00,30 00 32 00 39 00 ,,59,0,0,0,1,0,,,0,,,
168.00,2012,6/28/2012 0:00:00,91,12/30/1899 5:54:00,30 00 32 00 39 00 ,,61,0,1,0,1,0,,,0,,,
169.00,2012,6/28/2012 0:00:00,91,12/30/1899 5:32:00,30 00 32 00 39 00 ,,61,0,0,0,0,0,,,0,,,
170.00,2012,6/27/2012 0:00:00,92,12/30/1899 5:30:00,30 00 32 00 39 00 ,,63,3,1,0,4,0,,,0,,,
171.00,2012,6/27/2012 0:00:00,92,12/30/1899 5:55:00,30 00 32 00 39 00 ,,64,0,1,0,2,0,,,0,,,
172.00,2012,6/27/2012 0:00:00,92,12/30/1899 6:12:00,30 00 32 00 39 00 ,,64,0,1,0,3,0,,,0,,,
173.00,2012,6/27/2012 0:00:00,92,12/30/1899 6:38:00,30 00 32 00 39 00 ,,63,1,1,0,3,0,,,0,,,
174.00,2012,6/27/2012 0:00:00,92,12/30/1899 6:54:00,30 00 32 00 39 00 ,,63,3,1,1,4,0,,,0,,,
175.00,2012,6/27/2012 0:00:00,92,12/30/1899 7:09:00,30 00 32 00 39 00 ,,63,4,0,0,2,0,,,0,,,
176.00,2012,6/27/2012 0:00:00,92,12/30/1899 7:40:00,30 00 32 00 39 00 ,,65,3,0,0,2,0,,,0,,,
177.00,2012,6/27/2012 0:00:00,92,12/30/1899 8:05:00,30 00 32 00 39 00 ,,65,2,0,0,1,0,,,0,,,
178.00,2012,6/27/2012 0:00:00,92,12/30/1899 8:31:00,30 00 32 00 39 00 ,,68,3,0,2,0,0,,,0,,,
179.00,2012,6/27/2012 0:00:00,92,12/30/1899 9:56:00,30 00 32 00 39 00 ,,68,3,0,1,2,0,,,0,,,
180.00,2012,6/27/2012 0:00:00,92,12/30/1899 9:41:00,30 00 32 00 39 00 ,,68,0,0,1,1,0,,,0,,,
181.00,2012,6/27/2012 0:00:00,92,12/30/1899 9:27:00,30 00 32 00 39 00 ,,68,0,0,1,2,0,,,0,,,
182.00,2012,6/29/2012 0:00:00,79,12/30/1899 5:32:00,30 00 32 00 37 00 ,,55,0,0,1,0,0,,,0,,,
183.00,2012,6/29/2012 0:00:00,79,12/30/1899 5:17:00,30 00 32 00 37 00 ,,55,0,0,1,0,0,,,0,,,
184.00,2012,6/29/2012 0:00:00,79,12/30/1899 5:48:00,30 00 32 00 37 00 ,,57,0,0,1,0,0,,,0,,,
185.00,2012,6/29/2012 0:00:00,79,12/30/1899 6:05:00,39 00 31 00 36 00 ,,58,0,0,1,0,0,,,0,,,
186.00,2012,6/29/2012 0:00:00,79,12/30/1899 6:22:00,39 00 31 00 36 00 ,,58,0,0,1,1,0,,,0,,,
187.00,2012,6/29/2012 0:00:00,79,12/30/1899 6:41:00,39 00 31 00 36 00 ,,58,0,0,1,1,1,,,0,,,
188.00,2012,6/29/2012 0:00:00,79,12/30/1899 6:59:00,30 00 32 00 37 00 ,,57,0,0,1,0,0,,,0,,,
189.00,2012,6/29/2012 0:00:00,79,12/30/1899 7:17:00,30 00 32 00 37 00 ,,58,0,0,1,1,0,,,0,,,
190.00,2012,6/29/2012 0:00:00,79,12/30/1899 7:35:00,30 00 32 00 37 00 ,,60,0,0,1,0,0,,,0,,,
191.00,2012,6/29/2012 0:00:00,79,12/30/1899 7:50:00,37 00 31 00 38 00 ,,59,0,0,1,0,0,,,0,,,
192.00,2012,6/29/2012 0:00:00,79,12/30/1899 8:08:00,37 00 31 00 38 00 ,,60,0,0,1,1,1,,,0,,,
193.00,2012,6/29/2012 0:00:00,79,12/30/1899 8:24:00,38 00 35 00 38 00 ,,60,0,0,1,0,0,,,0,,,
194.00,2012,6/21/2012 0:00:00,91,12/30/1899 4:51:00,30 00 32 00 33 00 ,,63,5,3,0,0,0,,,0,,,
195.00,2012,6/21/2012 0:00:00,91,12/30/1899 5:08:00,30 00 32 00 33 00 ,,60,5,3,0,0,0,,,0,,,
196.00,2012,6/21/2012 0:00:00,91,12/30/1899 5:28:00,30 00 32 00 33 00 ,,60,5,3,0,11,0,,,2,,,
197.00,2012,6/21/2012 0:00:00,91,12/30/1899 5:50:00,30 00 32 00 36 00 ,,58,4,3,0,0,0,,,0,,,
198.00,2012,6/21/2012 0:00:00,91,12/30/1899 6:10:00,30 00 31 00 36 00 ,,58,3,3,0,1,0,,,0,,,
199.00,2012,6/21/2012 0:00:00,91,12/30/1899 6:30:00,30 00 31 00 36 00 ,,58,3,2,0,1,0,,,0,,,
200.00,2012,6/21/2012 0:00:00,91,12/30/1899 6:54:00,30 00 31 00 39 00 ,,61,4,2,0,1,0,,,0,,,
201.00,2012,6/21/2012 0:00:00,91,12/30/1899 7:18:00,30 00 31 00 39 00 ,,58,4,0,0,2,0,,,0,,,
202.00,2012,6/21/2012 0:00:00,91,12/30/1899 7:39:00,30 00 31 00 39 00 ,,58,4,1,0,0,0,,,0,,,
203.00,2012,6/21/2012 0:00:00,91,12/30/1899 7:55:00,30 00 31 00 36 00 ,,59,4,0,0,0,0,,,0,,,
204.00,2012,6/21/2012 0:00:00,91,12/30/1899 8:20:00,30 00 32 00 33 00 ,,61,5,0,0,1,0,,,0,,,
205.00,2012,6/21/2012 0:00:00,91,12/30/1899 8:52:00,30 00 32 00 33 00 ,,61,5,1,0,0,0,,,0,,,
206.00,2012,6/22/2012 0:00:00,92,12/30/1899 5:10:00,30 00 32 00 37 00 ,,44,0,0,0,0,0,,,0,,,
207.00,2012,6/22/2012 0:00:00,92,12/30/1899 5:40:00,30 00 32 00 37 00 ,,49,0,0,1,0,0,,,0,,,
208.00,2012,6/22/2012 0:00:00,92,12/30/1899 6:06:00,30 00 32 00 37 00 ,,50,0,0,0,0,0,,,0,,,
209.00,2012,6/22/2012 0:00:00,92,12/30/1899 6:24:00,30 00 32 00 37 00 ,,54,0,0,1,0,0,,,0,,,
210.00,2012,6/22/2012 0:00:00,92,12/30/1899 6:45:00,30 00 32 00 37 00 ,,48,0,0,0,2,0,,,0,,,
211.00,2012,6/22/2012 0:00:00,92,12/30/1899 7:07:00,30 00 32 00 37 00 ,,56,0,0,0,0,0,,,0,,,
212.00,2012,6/22/2012 0:00:00,92,12/30/1899 7:25:00,30 00 32 00 37 00 ,,58,0,0,2,0,0,,,0,,,
213.00,2012,6/22/2012 0:00:00,92,12/30/1899 7:49:00,30 00 32 00 37 00 ,,66,0,0,0,0,0,,,0,,,
214.00,2012,6/22/2012 0:00:00,92,12/30/1899 8:10:00,30 00 32 00 37 00 ,,62,1,0,0,1,1,,,0,,,
215.00,2012,6/22/2012 0:00:00,92,12/30/1899 8:32:00,30 00 32 00 37 00 ,,63,2,0,0,0,0,,,0,,,
216.00,2012,6/22/2012 0:00:00,92,12/30/1899 8:52:00,30 00 32 00 37 00 ,,66,2,0,1,0,0,,,0,,,
217.00,2012,6/22/2012 0:00:00,92,12/30/1899 9:14:00,30 00 32 00 37 00 ,,64,2,0,0,0,1,,,0,,,
218.00,2012,6/22/2012 0:00:00,91,12/30/1899 7:06:00,30 00 32 00 33 00 ,,57,2,0,0,1,0,,,0,,,
219.00,2012,6/22/2012 0:00:00,91,12/30/1899 7:28:00,30 00 32 00 33 00 ,,60,2,0,0,0,0,,,0,,,
220.00,2012,6/22/2012 0:00:00,91,12/30/1899 7:46:00,30 00 32 00 33 00 ,,58,2,0,0,0,0,,,0,,,
221.00,2012,6/22/2012 0:00:00,91,12/30/1899 8:06:00,30 00 32 00 33 00 ,,65,3,0,0,0,0,,,0,,,
222.00,2012,6/22/2012 0:00:00,91,12/30/1899 8:28:00,30 00 32 00 36 00 ,,61,5,0,0,0,0,,,0,,,
223.00,2012,6/22/2012 0:00:00,91,12/30/1899 8:47:00,30 00 32 00 33 00 ,,60,4,0,0,0,0,,,0,,,
224.00,2012,6/22/2012 0:00:00,91,12/30/1899 4:57:00,30 00 32 00 33 00 ,,53,0,0,0,1,0,,,0,,,
225.00,2012,6/22/2012 0:00:00,91,12/30/1899 5:18:00,30 00 32 00 36 00 ,,55,0,0,0,0,0,,,0,,,
226.00,2012,6/22/2012 0:00:00,91,12/30/1899 5:41:00,30 00 32 00 39 00 ,,55,1,0,0,2,0,,,0,,,
227.00,2012,6/22/2012 0:00:00,91,12/30/1899 5:59:00,39 00 31 00 31 00 ,,56,0,0,0,0,0,,,0,,,
228.00,2012,6/22/2012 0:00:00,91,12/30/1899 6:39:00,39 00 31 00 31 00 ,,55,1,0,0,0,0,,,0,,,
229.00,2012,6/22/2012 0:00:00,91,12/30/1899 6:21:00,39 00 31 00 31 00 ,,55,2,0,0,0,0,,,0,,,
230.00,2012,6/24/2012 0:00:00,87,12/30/1899 8:22:00,39 00 31 00 33 00 ,,66,2,0,0,0,0,,,0,,,
231.00,2012,6/24/2012 0:00:00,87,12/30/1899 9:04:00,39 00 31 00 33 00 ,,66,2,0,0,0,0,,,0,,,
232.00,2012,6/24/2012 0:00:00,87,12/30/1899 8:41:00,39 00 31 00 33 00 ,,66,2,0,0,1,0,,,0,,,
233.00,2012,6/24/2012 0:00:00,87,12/30/1899 7:35:00,31 00 32 00 36 00 ,,56,0,0,0,0,0,,,0,,,
234.00,2012,6/24/2012 0:00:00,87,12/30/1899 6:17:00,31 00 32 00 36 00 ,,64,0,0,0,0,0,,,0,,,
235.00,2012,6/24/2012 0:00:00,87,12/30/1899 6:36:00,31 00 32 00 36 00 ,,64,0,0,0,0,0,,,0,,,
236.00,2012,6/24/2012 0:00:00,87,12/30/1899 6:53:00,31 00 32 00 36 00 ,,64,0,0,0,1,0,,,0,,,
237.00,2012,6/24/2012 0:00:00,87,12/30/1899 7:17:00,31 00 32 00 36 00 ,,56,0,0,0,0,0,,,0,,,
238.00,2012,6/24/2012 0:00:00,87,12/30/1899 7:52:00,31 00 32 00 36 00 ,,56,0,0,0,0,0,,,0,,,
239.00,2012,6/24/2012 0:00:00,87,12/30/1899 4:53:00,30 00 32 00 39 00 ,,70,1,1,0,0,0,,,0,,,
240.00,2012,6/24/2012 0:00:00,87,12/30/1899 5:22:00,39 00 30 00 31 00 ,,63,1,1,0,0,0,,,0,,,
241.00,2012,6/24/2012 0:00:00,87,12/30/1899 5:44:00,39 00 30 00 31 00 ,,63,1,1,0,0,0,,,0,,,
242.00,2012,6/24/2012 0:00:00,79,12/30/1899 8:47:00,39 00 31 00 38 00 ,,60,3,6,1,0,0,,,0,,,
243.00,2012,6/24/2012 0:00:00,79,12/30/1899 8:29:00,39 00 31 00 38 00 ,,60,3,6,1,1,0,,,0,,,
244.00,2012,6/24/2012 0:00:00,79,12/30/1899 8:09:00,39 00 31 00 38 00 ,,60,4,6,1,0,0,,,0,,,
245.00,2012,6/25/2012 0:00:00,87,12/30/1899 4:54:00,37 00 31 00 36 00 ,,62,0,0,0,0,0,,,0,,,
246.00,2012,6/25/2012 0:00:00,87,12/30/1899 5:18:00,37 00 31 00 36 00 ,,62,0,0,0,1,0,,,0,,,
247.00,2012,6/25/2012 0:00:00,87,12/30/1899 5:42:00,37 00 31 00 36 00 ,,62,0,0,0,0,0,,,0,,,
248.00,2012,6/25/2012 0:00:00,87,12/30/1899 6:00:00,39 00 31 00 33 00 ,,56,1,0,0,1,0,,,0,,,
249.00,2012,6/25/2012 0:00:00,87,12/30/1899 6:23:00,39 00 39 00 30 00 ,,58,1,0,0,0,0,31 00 ,,0,,,
250.00,2012,6/25/2012 0:00:00,87,12/30/1899 6:44:00,39 00 39 00 30 00 ,,58,1,0,0,0,0,31 00 ,,0,,,
251.00,2012,6/25/2012 0:00:00,87,12/30/1899 7:03:00,37 00 31 00 35 00 ,,62,1,0,0,0,0,,,0,,,
252.00,2012,6/25/2012 0:00:00,87,12/30/1899 7:39:00,37 00 31 00 35 00 ,,62,1,0,0,0,0,,,0,,,
253.00,2012,6/25/2012 0:00:00,87,12/30/1899 7:21:00,37 00 31 00 35 00 ,,62,1,0,0,0,0,,,0,,,
254.00,2012,6/25/2012 0:00:00,87,12/30/1899 8:06:00,37 00 31 00 39 00 ,,64,2,0,0,0,0,,,0,,,
255.00,2012,6/25/2012 0:00:00,87,12/30/1899 8:52:00,37 00 31 00 39 00 ,,70,2,0,0,0,0,,,0,,,
256.00,2012,6/25/2012 0:00:00,87,12/30/1899 8:29:00,37 00 31 00 39 00 ,,64,2,0,0,0,0,,,0,,,
257.00,2012,6/25/2012 0:00:00,79,12/30/1899 5:07:00,37 00 31 00 39 00 ,,48,0,1,0,2,0,,,0,,,
258.00,2012,6/25/2012 0:00:00,79,12/30/1899 5:25:00,37 00 31 00 39 00 ,,49,0,1,0,0,0,,,0,,,
259.00,2012,6/25/2012 0:00:00,79,12/30/1899 5:46:00,37 00 31 00 39 00 ,,51,0,0,0,0,0,,,0,,,
260.00,2012,6/25/2012 0:00:00,79,12/30/1899 9:15:00,37 00 31 00 39 00 ,,62,3,0,1,0,0,,,0,,,
261.00,2012,6/25/2012 0:00:00,79,12/30/1899 8:58:00,37 00 31 00 39 00 ,,60,3,1,0,0,0,,,0,,,
262.00,2012,6/25/2012 0:00:00,79,12/30/1899 9:33:00,37 00 31 00 39 00 ,,60,4,0,1,0,0,,,0,,,
263.00,2012,6/25/2012 0:00:00,79,12/30/1899 6:56:00,37 00 31 00 39 00 ,,52,1,0,0,0,0,,,0,,,
264.00,2012,6/25/2012 0:00:00,79,12/30/1899 7:13:00,37 00 31 00 39 00 ,,58,2,0,1,0,0,,,0,,,
265.00,2012,6/15/2012 0:00:00,79,12/30/1899 7:30:00,37 00 31 00 39 00 ,,58,2,0,1,0,0,,,0,,,
266.00,2012,6/15/2012 0:00:00,79,12/30/1899 7:42:00,37 00 31 00 39 00 ,,58,2,0,1,0,1,,,0,,,
267.00,2012,6/25/2012 0:00:00,79,12/30/1899 7:59:00,37 00 31 00 39 00 ,,58,3,0,1,1,1,,,0,,,
268.00,2012,6/25/2012 0:00:00,79,12/30/1899 8:17:00,37 00 31 00 39 00 ,,57,3,0,1,0,0,,,0,,,
269.00,2012,6/30/2012 0:00:00,92,12/30/1899 5:50:00,31 00 34 00 36 00 ,,56,0,1,1,0,0,,,0,,,
270.00,2012,6/30/2012 0:00:00,92,12/30/1899 6:38:00,31 00 34 00 36 00 ,,56,0,0,0,1,0,,,0,,,
271.00,2012,6/30/2012 0:00:00,92,12/30/1899 7:08:00,31 00 34 00 36 00 ,,58,0,0,0,1,0,,,0,,,
292.00,2012,6/24/2012 0:00:00,79,12/30/1899 7:06:00,30 00 31 00 39 00 ,,55,1,6,0,2,0,,,0,,,
293.00,2012,6/24/2012 0:00:00,79,12/30/1899 7:23:00,30 00 31 00 33 00 ,,55,2,6,0,0,0,,,0,,,
294.00,2012,6/24/2012 0:00:00,79,12/30/1899 7:41:00,30 00 31 00 33 00 ,,58,2,6,0,2,0,,,0,,,
295.00,2012,6/24/2012 0:00:00,79,12/30/1899 6:47:00,30 00 31 00 39 00 ,,52,1,6,0,0,0,,,0,,,
297.00,2012,6/24/2012 0:00:00,79,12/30/1899 6:29:00,30 00 31 00 33 00 ,,53,1,6,0,0,0,,,0,,,
298.00,2012,6/24/2012 0:00:00,79,12/30/1899 5:50:00,30 00 31 00 33 00 ,,52,0,6,0,1,0,,,0,,,
299.00,2012,6/24/2012 0:00:00,79,12/30/1899 5:31:00,35 00 35 00 36 00 ,,50,0,6,0,1,0,,,0,,,
300.00,2012,6/24/2012 0:00:00,79,12/30/1899 5:12:00,30 00 32 00 39 00 ,,52,0,6,0,0,0,,,0,,,
301.00,2012,6/23/2012 0:00:00,92,12/30/1899 5:10:00,30 00 32 00 39 00 ,,66,0,1,0,0,0,,,0,,,
302.00,2012,6/23/2012 0:00:00,92,12/30/1899 5:45:00,30 00 32 00 39 00 ,,54,1,2,0,0,0,,,0,,,
303.00,2012,6/23/2012 0:00:00,92,12/30/1899 6:09:00,30 00 32 00 39 00 ,,58,2,2,0,0,0,,,0,,,
304.00,2012,6/23/2012 0:00:00,92,12/30/1899 6:36:00,39 00 31 00 39 00 ,,58,3,2,0,0,0,,,0,,,
305.00,2012,6/23/2012 0:00:00,92,12/30/1899 7:00:00,39 00 31 00 36 00 ,,60,3,2,0,1,0,,,0,,,
306.00,2012,6/24/2012 0:00:00,92,12/30/1899 6:07:00,39 00 31 00 36 00 ,,58,0,0,0,1,0,,,0,,,
307.00,2012,6/24/2012 0:00:00,92,12/30/1899 6:29:00,39 00 31 00 36 00 ,,58,0,6,0,0,0,,,0,,,
308.00,2012,6/23/2012 0:00:00,92,12/30/1899 7:02:00,39 00 32 00 39 00 ,,60,0,6,0,1,0,,,0,,,
309.00,2012,6/23/2012 0:00:00,92,12/30/1899 7:23:00,39 00 32 00 39 00 ,,60,0,6,0,2,0,,,0,,,
314.00,2012,6/23/2012 0:00:00,92,12/30/1899 9:54:00,39 00 31 00 33 00 ,,64,2,6,0,0,0,,,0,,,
315.00,2012,6/24/2012 0:00:00,92,12/30/1899 9:02:00,39 00 31 00 33 00 ,,62,3,6,1,0,0,,,0,,,
316.00,2012,6/24/2012 0:00:00,91,12/30/1899 8:34:00,38 00 32 00 39 00 ,,67,3,0,0,0,0,,,0,,,
317.00,2012,6/24/2012 0:00:00,91,12/30/1899 8:11:00,38 00 32 00 39 00 ,,63,2,0,0,0,0,,,0,,,
318.00,2012,6/24/2012 0:00:00,91,12/30/1899 7:48:00,38 00 32 00 39 00 ,,63,2,0,1,0,0,,,0,,,
319.00,2012,6/23/2012 0:00:00,91,12/30/1899 4:57:00,39 00 32 00 35 00 ,,63,0,3,0,0,0,,,0,,,
320.00,2012,6/23/2012 0:00:00,91,12/30/1899 5:20:00,39 00 30 00 35 00 ,,62,0,3,0,1,0,,,0,,,
321.00,2012,6/23/2012 0:00:00,91,12/30/1899 5:38:00,39 00 32 00 39 00 ,,60,0,3,1,0,0,,,0,,,
322.00,2012,6/23/2012 0:00:00,91,12/30/1899 6:00:00,31 00 32 00 36 00 ,,60,3,3,0,0,0,,,0,,,
323.00,2012,6/23/2012 0:00:00,91,12/30/1899 6:22:00,31 00 32 00 36 00 ,,60,0,3,0,0,0,,,0,,,
324.00,2012,6/23/2012 0:00:00,91,12/30/1899 6:40:00,31 00 32 00 36 00 ,,60,3,3,0,0,0,,,0,,,
325.00,2012,6/24/2012 0:00:00,91,12/30/1899 6:24:00,31 00 31 00 39 00 ,,61,0,0,0,0,0,,,0,,,
326.00,2012,6/24/2012 0:00:00,91,12/30/1899 6:46:00,31 00 31 00 39 00 ,,66,0,0,1,0,0,,,0,,,
327.00,2012,6/24/2012 0:00:00,91,12/30/1899 7:13:00,31 00 31 00 39 00 ,,61,0,0,0,0,0,,,0,,,
331.00,2012,6/27/2012 0:00:00,91,12/30/1899 8:47:00,31 00 32 00 36 00 ,,72,4,0,0,0,0,,,0,,,
340.00,2012,6/27/2012 0:00:00,91,12/30/1899 5:39:00,37 00 31 00 36 00 ,,65,3,2,0,0,0,,,0,,,
341.00,2012,6/27/2012 0:00:00,91,12/30/1899 6:05:00,37 00 31 00 36 00 ,,65,0,1,0,1,0,,,0,,,
342.00,2012,6/27/2012 0:00:00,91,12/30/1899 6:27:00,37 00 31 00 36 00 ,,65,2,1,1,0,0,,,0,,,
343.00,2012,6/27/2012 0:00:00,91,12/30/1899 6:48:00,31 00 32 00 35 00 ,,67,3,1,0,0,0,,,0,,,
344.00,2012,6/27/2012 0:00:00,91,12/30/1899 7:08:00,31 00 32 00 35 00 ,,68,4,1,1,1,0,,,0,,,
345.00,2012,6/27/2012 0:00:00,91,12/30/1899 7:27:00,31 00 32 00 35 00 ,,67,3,0,1,0,0,,,0,,,
346.00,2012,6/26/2012 0:00:00,91,12/30/1899 5:42:00,37 00 31 00 36 00 ,,65,1,0,0,0,0,,,0,,,
347.00,2012,6/26/2012 0:00:00,91,12/30/1899 6:00:00,39 00 31 00 36 00 ,,61,2,0,0,0,0,,,0,,,
348.00,2012,6/26/2012 0:00:00,91,12/30/1899 6:19:00,37 00 31 00 36 00 ,,61,2,0,0,0,0,,,0,,,
349.00,2012,6/26/2012 0:00:00,91,12/30/1899 6:45:00,30 00 32 00 39 00 ,,60,1,0,0,1,0,,,0,,,
350.00,2012,6/26/2012 0:00:00,91,12/30/1899 7:00:00,30 00 32 00 39 00 ,,61,1,0,0,1,0,,,0,,,
351.00,2012,6/26/2012 0:00:00,91,12/30/1899 7:17:00,30 00 32 00 39 00 ,,62,3,0,0,0,0,,,0,,,
352.00,2012,6/26/2012 0:00:00,91,12/30/1899 8:30:00,30 00 32 00 39 00 ,,67,3,0,0,1,0,,,0,,,
353.00,2012,6/26/2012 0:00:00,91,12/30/1899 8:11:00,30 00 32 00 39 00 ,,66,4,0,0,1,0,,,0,,,
354.00,2012,6/26/2012 0:00:00,91,12/30/1899 7:52:00,30 00 32 00 39 00 ,,64,4,0,0,0,0,,,0,,,
355.00,2012,6/26/2012 0:00:00,92,12/30/1899 5:50:00,38 00 32 00 38 00 ,,56,2,0,0,2,1,,,0,,,
356.00,2012,6/26/2012 0:00:00,92,12/30/1899 6:06:00,38 00 32 00 38 00 ,,60,2,0,0,0,0,,,0,,,
357.00,2012,6/26/2012 0:00:00,92,12/30/1899 6:22:00,38 00 32 00 38 00 ,,58,3,0,0,0,0,,,0,,,
358.00,2012,6/26/2012 0:00:00,92,12/30/1899 8:36:00,38 00 32 00 38 00 ,,65,3,0,1,0,0,,,0,,,
359.00,2012,6/26/2012 0:00:00,92,12/30/1899 8:52:00,38 00 32 00 38 00 ,,64,2,1,0,0,0,,,0,,,
360.00,2012,6/26/2012 0:00:00,92,12/30/1899 9:09:00,38 00 32 00 38 00 ,,64,2,1,0,0,1,,,0,,,
361.00,2012,6/26/2012 0:00:00,92,12/30/1899 7:33:00,38 00 32 00 39 00 ,,61,4,0,1,0,0,,,0,,,
362.00,2012,6/26/2012 0:00:00,92,12/30/1899 7:50:00,38 00 32 00 39 00 ,,62,4,0,1,0,0,,,0,,,
363.00,2012,6/26/2012 0:00:00,92,12/30/1899 8:10:00,38 00 32 00 39 00 ,,63,3,0,1,0,0,,,0,,,
364.00,2012,6/26/2012 0:00:00,92,12/30/1899 9:36:00,39 00 31 00 39 00 ,,67,3,1,1,0,0,,,0,,,
365.00,2012,6/26/2012 0:00:00,92,12/30/1899 6:54:00,39 00 31 00 39 00 ,,60,3,0,1,0,0,,,0,,,
366.00,2012,6/26/2012 0:00:00,92,12/30/1899 7:08:00,39 00 31 00 39 00 ,,62,5,0,1,0,0,,,0,,,
368.00,2012,6/26/2012 0:00:00,79,12/30/1899 5:14:00,39 00 31 00 33 00 ,,51,2,0,1,0,0,,,0,,,
369.00,2012,6/26/2012 0:00:00,79,12/30/1899 5:31:00,39 00 31 00 33 00 ,,50,1,0,1,1,0,,,0,,,
370.00,2012,6/26/2012 0:00:00,79,12/30/1899 5:53:00,39 00 31 00 33 00 ,,50,0,0,1,0,0,,,0,,,
371.00,2012,6/26/2012 0:00:00,79,12/30/1899 6:30:00,39 00 31 00 39 00 ,,52,3,0,1,0,0,,,0,,,
372.00,2012,6/26/2012 0:00:00,79,12/30/1899 6:48:00,39 00 31 00 39 00 ,,58,3,0,1,0,1,,,0,,,
373.00,2012,6/26/2012 0:00:00,79,12/30/1899 7:10:00,39 00 31 00 39 00 ,,60,4,0,1,0,0,,,0,,,
377.00,2012,6/28/2012 0:00:00,79,12/30/1899 5:36:00,38 00 32 00 39 00 ,,58,0,2,1,1,0,,,0,,,
378.00,2012,6/28/2012 0:00:00,79,12/30/1899 5:51:00,38 00 32 00 39 00 ,,58,0,2,1,1,0,,,0,,,
379.00,2012,6/28/2012 0:00:00,79,12/30/1899 6:07:00,38 00 32 00 39 00 ,,60,0,2,1,0,0,,,0,,,
380.00,2012,6/28/2012 0:00:00,79,12/30/1899 6:24:00,31 00 38 00 35 00 ,,60,0,3,1,1,0,,,0,,,
381.00,2012,6/28/2012 0:00:00,79,12/30/1899 6:44:00,31 00 38 00 35 00 ,,60,0,3,1,1,0,,,0,,,
382.00,2012,6/28/2012 0:00:00,79,12/30/1899 7:02:00,31 00 38 00 35 00 ,,60,0,3,1,2,0,,,0,,,
383.00,2012,6/28/2012 0:00:00,79,12/30/1899 7:21:00,31 00 38 00 36 00 ,,60,0,3,2,0,0,,,0,,,
384.00,2012,6/28/2012 0:00:00,79,12/30/1899 7:45:00,31 00 32 00 36 00 ,,63,0,3,1,2,0,,,0,,,
385.00,2012,6/28/2012 0:00:00,79,12/30/1899 8:08:00,31 00 32 00 36 00 ,,63,0,3,1,2,0,,,0,,,
386.00,2012,6/28/2012 0:00:00,79,12/30/1899 8:28:00,31 00 35 00 36 00 ,,65,0,3,1,0,0,,,0,,,
387.00,2012,6/28/2012 0:00:00,79,12/30/1899 8:46:00,31 00 35 00 36 00 ,,65,0,2,1,0,0,,,0,,,
388.00,2012,6/28/2012 0:00:00,79,12/30/1899 9:04:00,31 00 35 00 36 00 ,,65,2,1,1,0,0,,,0,,,
389.00,2012,6/28/2012 0:00:00,87,12/30/1899 5:01:00,31 00 38 00 35 00 ,,64,0,1,0,1,0,,,0,,,
390.00,2012,6/28/2012 0:00:00,87,12/30/1899 5:20:00,31 00 38 00 35 00 ,,64,0,0,2,1,0,,,0,,,
391.00,2012,6/28/2012 0:00:00,87,12/30/1899 5:40:00,31 00 38 00 35 00 ,,64,0,0,0,0,0,,,0,,,
392.00,2012,6/28/2012 0:00:00,87,12/30/1899 6:06:00,31 00 35 00 38 00 ,,64,0,1,0,1,0,,,0,,,
393.00,2012,6/28/2012 0:00:00,87,12/30/1899 6:28:00,31 00 35 00 38 00 ,,66,0,1,0,1,0,,,0,,,
394.00,2012,6/28/2012 0:00:00,87,12/30/1899 6:49:00,31 00 34 00 35 00 ,,66,0,1,0,0,0,,,0,,,
395.00,2012,6/28/2012 0:00:00,87,12/30/1899 7:08:00,31 00 35 00 35 00 ,,67,0,1,0,1,0,,,0,,,
396.00,2012,6/28/2012 0:00:00,87,12/30/1899 7:27:00,31 00 32 00 36 00 ,,67,0,3,0,2,0,,,0,,,
397.00,2012,6/28/2012 0:00:00,87,12/30/1899 7:46:00,31 00 32 00 36 00 ,,67,0,3,0,1,0,,,0,,,
398.00,2012,6/28/2012 0:00:00,87,12/30/1899 8:06:00,31 00 32 00 36 00 ,,72,0,3,0,1,0,,,0,,,
399.00,2012,6/28/2012 0:00:00,87,12/30/1899 8:24:00,31 00 32 00 36 00 ,,72,0,3,0,0,0,,,0,,,
400.00,2012,6/28/2012 0:00:00,87,12/30/1899 8:40:00,31 00 32 00 36 00 ,,72,0,2,0,2,0,,,0,,,
401.00,2012,6/9/2012 0:00:00,79,12/30/1899 5:23:00,38 00 31 00 39 00 ,,58,0,6,1,0,0,,,0,,,
402.00,2012,6/9/2012 0:00:00,79,12/30/1899 5:43:00,38 00 31 00 39 00 ,,57,0,6,1,0,0,,,0,,,
403.00,2012,6/9/2012 0:00:00,79,12/30/1899 5:58:00,38 00 31 00 39 00 ,,58,0,6,1,0,0,,,0,,,
404.00,2012,6/9/2012 0:00:00,79,12/30/1899 6:13:00,31 00 34 00 39 00 ,,57,0,6,1,1,0,,,0,,,
405.00,2012,6/9/2012 0:00:00,79,12/30/1899 6:35:00,31 00 34 00 39 00 ,,58,0,6,1,1,0,,,0,,,
406.00,2012,6/9/2012 0:00:00,79,12/30/1899 6:55:00,31 00 34 00 39 00 ,,57,0,6,0,0,0,,,0,,,
407.00,2012,6/9/2012 0:00:00,79,12/30/1899 7:27:00,31 00 34 00 39 00 ,,57,0,3,0,1,0,,,0,,,
408.00,2012,6/9/2012 0:00:00,79,12/30/1899 7:44:00,31 00 34 00 39 00 ,,57,0,3,0,0,0,,,0,,,
409.00,2012,6/9/2012 0:00:00,79,12/30/1899 8:05:00,31 00 34 00 39 00 ,,58,0,3,0,0,0,,,0,,,
410.00,2012,6/9/2012 0:00:00,79,12/30/1899 8:23:00,31 00 34 00 39 00 ,,58,1,3,0,0,0,,,0,,,
411.00,2012,6/9/2012 0:00:00,79,12/30/1899 8:44:00,38 00 31 00 36 00 ,,58,1,3,0,0,0,,,0,,,
412.00,2012,6/9/2012 0:00:00,79,12/30/1899 9:01:00,38 00 31 00 36 00 ,,58,1,3,0,0,0,,,0,,,
413.00,2012,6/7/2012 0:00:00,81,12/30/1899 6:49:00,31 00 32 00 36 00 ,,55,0,0,0,1,0,,,0,,,
414.00,2012,6/7/2012 0:00:00,81,12/30/1899 6:28:00,31 00 32 00 36 00 ,,53,0,0,0,0,0,,,0,,,
415.00,2012,6/7/2012 0:00:00,81,12/30/1899 6:09:00,31 00 32 00 39 00 ,,51,0,0,0,0,0,,,0,,,
416.00,2012,6/7/2012 0:00:00,81,12/30/1899 5:49:00,31 00 32 00 39 00 ,,49,0,0,0,0,0,,,0,,,
417.00,2012,6/7/2012 0:00:00,81,12/30/1899 5:14:00,31 00 32 00 36 00 ,,48,0,0,0,0,0,,,0,,,
418.00,2012,6/7/2012 0:00:00,81,12/30/1899 5:32:00,31 00 37 00 36 00 ,,49,0,0,0,0,0,,,0,,,
419.00,2012,6/7/2012 0:00:00,81,12/30/1899 7:13:00,31 00 32 00 36 00 ,,57,0,0,0,0,0,,,0,,,
420.00,2012,6/7/2012 0:00:00,81,12/30/1899 7:32:00,31 00 32 00 36 00 ,,60,1,0,0,0,0,,,0,,,
421.00,2012,6/7/2012 0:00:00,81,12/30/1899 7:55:00,31 00 32 00 36 00 ,,63,0,0,0,0,0,,,0,,,
425.00,2012,6/6/2012 0:00:00,81,12/30/1899 7:12:00,30 00 32 00 36 00 ,,62,3,2,0,1,0,,,0,,,
426.00,2012,6/6/2012 0:00:00,81,12/30/1899 7:28:00,30 00 32 00 36 00 ,,61,3,3,0,0,0,,,0,,,
427.00,2012,6/6/2012 0:00:00,81,12/30/1899 7:44:00,30 00 32 00 36 00 ,,62,3,3,0,0,0,,,0,,,
428.00,2012,6/6/2012 0:00:00,81,12/30/1899 8:06:00,31 00 38 00 36 00 ,,62,3,3,0,0,0,,,0,,,
429.00,2012,6/6/2012 0:00:00,81,12/30/1899 8:29:00,31 00 38 00 36 00 ,,63,3,3,0,1,0,,,0,,,
430.00,2012,6/6/2012 0:00:00,81,12/30/1899 8:49:00,31 00 38 00 36 00 ,,63,3,3,0,0,0,,,0,,,
431.00,2012,6/6/2012 0:00:00,81,12/30/1899 5:48:00,31 00 32 00 36 00 ,,53,3,3,0,0,0,,,0,,,
432.00,2012,6/6/2012 0:00:00,81,12/30/1899 6:06:00,30 00 32 00 34 00 ,,54,4,2,0,0,0,,,0,,,
433.00,2012,6/6/2012 0:00:00,81,12/30/1899 6:49:00,30 00 32 00 34 00 ,,56,3,2,0,0,0,,,0,,,
434.00,2012,6/6/2012 0:00:00,81,12/30/1899 6:25:00,30 00 32 00 34 00 ,,55,3,3,0,0,0,,,0,,,
435.00,2012,6/6/2012 0:00:00,81,12/30/1899 5:30:00,31 00 34 00 36 00 ,,53,3,3,0,0,0,,,0,,,
436.00,2012,6/6/2012 0:00:00,81,12/30/1899 6:11:00,31 00 34 00 36 00 ,,53,3,3,0,0,0,,,0,,,
437.00,2012,6/11/2012 0:00:00,87,12/30/1899 6:36:00,30 00 31 00 36 00 ,,64,1,1,0,0,0,,,0,,,
438.00,2012,6/11/2012 0:00:00,87,12/30/1899 6:57:00,30 00 31 00 36 00 ,,64,1,0,0,0,0,,,0,,,
439.00,2012,6/11/2012 0:00:00,87,12/30/1899 7:15:00,31 00 31 00 36 00 ,,64,2,1,0,0,0,,,0,,,
440.00,2012,6/11/2012 0:00:00,87,12/30/1899 7:33:00,30 00 31 00 36 00 ,,60,3,1,0,0,0,,,0,,,
441.00,2012,6/11/2012 0:00:00,87,12/30/1899 7:57:00,30 00 31 00 36 00 ,,60,2,0,0,0,0,,,0,,,
442.00,2012,6/11/2012 0:00:00,87,12/30/1899 8:13:00,30 00 31 00 36 00 ,,60,2,1,0,0,0,,,0,,,
443.00,2012,6/11/2012 0:00:00,87,12/30/1899 8:31:00,30 00 31 00 36 00 ,,63,3,1,0,0,0,,,0,,,
444.00,2012,6/11/2012 0:00:00,87,12/30/1899 8:54:00,30 00 31 00 36 00 ,,63,3,0,1,0,0,,,0,,,
445.00,2012,6/11/2012 0:00:00,87,12/30/1899 9:14:00,30 00 31 00 36 00 ,,63,2,0,0,0,0,,,0,,,
446.00,2012,6/11/2012 0:00:00,87,12/30/1899 5:19:00,39 00 39 00 30 00 ,,64,1,2,0,1,0,31 00 ,,0,,,
447.00,2012,6/11/2012 0:00:00,87,12/30/1899 5:43:00,30 00 31 00 36 00 ,,64,1,1,0,0,0,,,0,,,
448.00,2012,6/11/2012 0:00:00,87,12/30/1899 6:02:00,39 00 39 00 30 00 ,,64,1,0,0,0,0,31 00 ,,0,,,
449.00,2012,6/11/2012 0:00:00,90,12/30/1899 5:36:00,39 00 30 00 36 00 ,,57,3,3,1,0,0,,,0,,,
450.00,2012,6/11/2012 0:00:00,90,12/30/1899 5:56:00,39 00 30 00 36 00 ,,56,3,2,1,0,0,,,2,,,
451.00,2012,6/11/2012 0:00:00,90,12/30/1899 6:02:00,39 00 31 00 33 00 ,,56,3,4,1,0,0,,,0,,,
452.00,2012,6/11/2012 0:00:00,90,12/30/1899 7:16:00,39 00 31 00 33 00 ,,59,4,2,1,0,0,,,0,,,
453.00,2012,6/11/2012 0:00:00,90,12/30/1899 7:33:00,39 00 31 00 33 00 ,,59,4,2,1,0,0,,,0,,,
454.00,2012,6/11/2012 0:00:00,90,12/30/1899 7:49:00,39 00 31 00 33 00 ,,59,4,2,1,0,0,,,0,,,
455.00,2012,6/11/2012 0:00:00,81,12/30/1899 8:07:00,39 00 31 00 33 00 ,,58,4,2,0,0,0,,,0,,,
456.00,2012,6/11/2012 0:00:00,90,12/30/1899 8:11:00,39 00 31 00 33 00 ,,60,2,3,1,0,0,,,0,,,
457.00,2012,6/11/2012 0:00:00,90,12/30/1899 8:29:00,39 00 31 00 33 00 ,,61,3,2,1,0,0,,,0,,,
458.00,2012,6/11/2012 0:00:00,90,12/30/1899 8:47:00,39 00 31 00 31 00 ,,61,4,2,1,0,0,,,0,,,
459.00,2012,6/11/2012 0:00:00,90,12/30/1899 9:03:00,39 00 31 00 31 00 ,,61,4,2,1,0,0,,,0,,,
460.00,2012,6/11/2012 0:00:00,81,12/30/1899 8:25:00,39 00 31 00 31 00 ,,60,5,1,2,0,0,,,0,,,
462.00,2012,6/11/2012 0:00:00,81,12/30/1899 8:46:00,39 00 31 00 33 00 ,,62,5,1,0,0,0,,,0,,,
463.00,2012,6/11/2012 0:00:00,81,12/30/1899 9:02:00,39 00 31 00 33 00 ,,63,6,1,0,0,0,,,0,,,
467.00,2012,6/11/2012 0:00:00,81,12/30/1899 5:31:00,39 00 31 00 36 00 ,,50,2,6,0,0,0,,,0,,,
468.00,2012,6/11/2012 0:00:00,81,12/30/1899 5:46:00,39 00 31 00 36 00 ,,51,4,6,0,0,0,,,0,,,
469.00,2012,6/11/2012 0:00:00,81,12/30/1899 5:58:00,39 00 31 00 36 00 ,,52,4,2,0,0,0,,,0,,,
470.00,2012,6/11/2012 0:00:00,81,12/30/1899 6:58:00,39 00 31 00 33 00 ,,56,4,2,0,0,0,,,0,,,
471.00,2012,6/11/2012 0:00:00,81,12/30/1899 6:40:00,39 00 31 00 33 00 ,,56,4,2,0,0,0,,,0,,,
472.00,2012,6/11/2012 0:00:00,81,12/30/1899 6:22:00,39 00 31 00 33 00 ,,55,4,2,0,0,0,,,0,,,
473.00,2012,6/12/2012 0:00:00,81,12/30/1899 7:05:00,30 00 31 00 33 00 ,,46,5,2,0,0,0,,,0,,,
474.00,2012,6/12/2012 0:00:00,81,12/30/1899 7:19:00,30 00 31 00 33 00 ,,47,5,2,0,1,0,,,0,,,
475.00,2012,6/12/2012 0:00:00,81,12/30/1899 7:34:00,30 00 31 00 33 00 ,,47,5,2,0,0,0,,,0,,,
476.00,2012,6/12/2012 0:00:00,81,12/30/1899 7:50:00,39 00 31 00 31 00 ,,47,5,3,0,1,0,,,0,,,
477.00,2012,6/12/2012 0:00:00,81,12/30/1899 8:04:00,39 00 31 00 33 00 ,,46,5,3,0,0,0,,,0,,,
478.00,2012,6/12/2012 0:00:00,81,12/30/1899 8:18:00,39 00 31 00 36 00 ,,46,5,3,0,0,0,,,0,,,
479.00,2012,6/12/2012 0:00:00,81,12/30/1899 6:10:00,39 00 31 00 31 00 ,,48,5,1,0,0,0,,,0,,,
480.00,2012,6/12/2012 0:00:00,81,12/30/1899 6:43:00,39 00 31 00 31 00 ,,47,5,2,0,1,0,,,0,,,
481.00,2012,6/12/2012 0:00:00,81,12/30/1899 6:28:00,39 00 31 00 31 00 ,,46,5,1,0,0,0,,,0,,,
482.00,2012,6/12/2012 0:00:00,81,12/30/1899 5:31:00,39 00 31 00 36 00 ,,40,5,2,1,2,0,,,0,,,
483.00,2012,6/12/2012 0:00:00,81,12/30/1899 5:08:00,39 00 31 00 31 00 ,,39,5,2,0,0,0,,,0,,,
484.00,2012,6/12/2012 0:00:00,81,12/30/1899 5:50:00,39 00 31 00 36 00 ,,42,5,2,0,0,0,,,0,,,
485.00,2012,6/12/2012 0:00:00,89,12/30/1899 7:02:00,39 00 31 00 39 00 ,,43,5,3,0,0,0,,,0,,,
486.00,2012,6/12/2012 0:00:00,89,12/30/1899 6:41:00,39 00 31 00 39 00 ,,42,4,3,0,1,0,,,0,,,
487.00,2012,6/12/2012 0:00:00,89,12/30/1899 5:34:00,39 00 31 00 39 00 ,,41,5,1,0,0,0,,,0,,,
488.00,2012,6/12/2012 0:00:00,89,12/30/1899 6:05:00,39 00 31 00 36 00 ,,42,5,2,0,0,0,,,0,,,
489.00,2012,6/12/2012 0:00:00,89,12/30/1899 6:24:00,31 00 31 00 36 00 ,,41,5,2,0,0,0,,,0,,,
490.00,2012,6/12/2012 0:00:00,89,12/30/1899 5:49:00,39 00 31 00 36 00 ,,42,5,1,0,0,0,,,0,,,
491.00,2012,6/12/2012 0:00:00,89,12/30/1899 8:09:00,30 00 31 00 38 00 ,,43,5,3,0,1,0,,,0,,,
492.00,2012,6/12/2012 0:00:00,89,12/30/1899 7:26:00,39 00 31 00 36 00 ,,43,5,2,0,0,0,,,0,,,
493.00,2012,6/12/2012 0:00:00,89,12/30/1899 7:47:00,39 00 31 00 36 00 ,,43,5,2,0,0,0,,,0,,,
494.00,2012,6/12/2012 0:00:00,89,12/30/1899 5:22:00,39 00 31 00 39 00 ,,41,4,2,0,2,0,,,0,,,
495.00,2012,6/12/2012 0:00:00,89,12/30/1899 5:10:00,39 00 31 00 39 00 ,,41,4,2,0,0,0,,,0,,,
496.00,2012,6/12/2012 0:00:00,89,12/30/1899 4:54:00,39 00 31 00 39 00 ,,41,4,3,0,0,0,,,0,,,
497.00,2012,6/12/2012 0:00:00,90,12/30/1899 5:15:00,30 00 32 00 37 00 ,,42,4,2,1,2,0,,,0,,,
498.00,2012,6/12/2012 0:00:00,90,12/30/1899 5:31:00,30 00 32 00 39 00 ,,44,5,2,1,1,0,,,0,,,
499.00,2012,6/12/2012 0:00:00,90,12/30/1899 5:46:00,30 00 32 00 39 00 ,,42,4,3,1,2,0,,,0,,,
500.00,2012,6/11/2012 0:00:00,90,12/30/1899 6:13:00,30 00 32 00 39 00 ,,45,4,3,1,3,0,,,0,,,
501.00,2012,6/12/2012 0:00:00,90,12/30/1899 6:34:00,30 00 32 00 39 00 ,,48,4,3,1,2,0,,,0,,,
502.00,2012,6/12/2012 0:00:00,90,12/30/1899 6:48:00,30 00 32 00 39 00 ,,42,4,2,1,2,0,,,0,,,
503.00,2012,6/12/2012 0:00:00,90,12/30/1899 8:29:00,30 00 32 00 39 00 ,,51,4,2,0,0,0,,,0,,,
504.00,2012,6/12/2012 0:00:00,90,12/30/1899 8:14:00,30 00 32 00 39 00 ,,50,4,2,1,1,0,,,0,,,
505.00,2012,6/12/2012 0:00:00,90,12/30/1899 7:59:00,30 00 32 00 39 00 ,,49,4,2,0,0,0,,,0,,,
506.00,2012,6/12/2012 0:00:00,90,12/30/1899 7:46:00,30 00 32 00 39 00 ,,48,4,2,0,1,0,,,0,,,
507.00,2012,6/11/2012 0:00:00,90,12/30/1899 7:32:00,30 00 32 00 39 00 ,,45,4,2,0,0,0,,,0,,,
508.00,2012,6/12/2012 0:00:00,90,12/30/1899 7:13:00,30 00 32 00 39 00 ,,44,4,2,0,0,0,,,0,,,
509.00,2012,6/13/2012 0:00:00,81,12/30/1899 6:16:00,39 00 39 00 30 00 ,,55,4,1,0,0,0,,,0,,,
510.00,2012,6/13/2012 0:00:00,81,12/30/1899 6:04:00,39 00 39 00 30 00 ,,54,4,1,0,0,0,,,0,,,
511.00,2012,6/13/2012 0:00:00,81,12/30/1899 5:50:00,39 00 32 00 36 00 ,,52,4,2,0,0,0,,,0,,,
512.00,2012,6/13/2012 0:00:00,81,12/30/1899 5:34:00,39 00 32 00 36 00 ,,50,4,2,0,0,0,,,0,,,
513.00,2012,6/13/2012 0:00:00,81,12/30/1899 5:20:00,39 00 32 00 36 00 ,,59,4,3,0,1,0,,,0,,,
514.00,2012,6/13/2012 0:00:00,81,12/30/1899 5:07:00,39 00 32 00 36 00 ,,49,4,3,0,1,0,,,0,,,
515.00,2012,6/13/2012 0:00:00,81,12/30/1899 6:50:00,39 00 31 00 36 00 ,,58,4,2,2,0,0,,,0,,,
516.00,2012,6/13/2012 0:00:00,81,12/30/1899 7:05:00,39 00 31 00 36 00 ,,59,4,2,2,0,0,,,0,,,
517.00,2012,6/13/2012 0:00:00,81,12/30/1899 7:21:00,39 00 31 00 36 00 ,,59,4,1,0,0,0,,,0,,,
518.00,2012,6/8/2012 0:00:00,87,12/30/1899 5:10:00,38 00 35 00 39 00 ,,62,1,2,0,0,0,,,0,,,
519.00,2012,6/8/2012 0:00:00,87,12/30/1899 5:33:00,38 00 35 00 39 00 ,,62,1,2,0,0,0,,,0,,,
520.00,2012,6/8/2012 0:00:00,87,12/30/1899 5:52:00,31 00 38 00 39 00 ,,62,1,1,0,1,0,,,0,,,
521.00,2012,6/8/2012 0:00:00,87,12/30/1899 6:14:00,31 00 38 00 39 00 ,,62,1,1,0,2,0,,,0,,,
522.00,2012,6/8/2012 0:00:00,87,12/30/1899 6:33:00,31 00 38 00 39 00 ,,62,1,7,0,0,0,,,0,,,
523.00,2012,6/8/2012 0:00:00,87,12/30/1899 7:24:00,38 00 35 00 39 00 ,,60,0,3,0,0,0,,,0,,,
524.00,2012,6/8/2012 0:00:00,87,12/30/1899 7:45:00,39 00 32 00 35 00 ,,60,1,3,0,0,0,,,0,,,
525.00,2012,6/8/2012 0:00:00,87,12/30/1899 8:10:00,39 00 32 00 35 00 ,,60,1,3,0,1,0,,,0,,,
526.00,2012,6/8/2012 0:00:00,87,12/30/1899 8:30:00,39 00 32 00 35 00 ,,60,1,3,0,0,0,,,0,,,
527.00,2012,6/8/2012 0:00:00,87,12/30/1899 9:18:00,38 00 35 00 39 00 ,,60,1,3,0,0,0,,,0,,,
528.00,2012,6/8/2012 0:00:00,87,12/30/1899 9:31:00,38 00 35 00 39 00 ,,60,1,3,0,0,0,,,0,,,
529.00,2012,6/8/2012 0:00:00,87,12/30/1899 9:44:00,38 00 35 00 39 00 ,,60,4,3,0,0,0,,,0,,,
530.00,2012,6/8/2012 0:00:00,81,12/30/1899 7:45:00,39 00 31 00 33 00 ,,63,4,8,0,1,0,,,0,,,
531.00,2012,6/8/2012 0:00:00,81,12/30/1899 7:27:00,39 00 31 00 33 00 ,,63,1,3,0,1,0,,,0,,,
532.00,2012,6/8/2012 0:00:00,81,12/30/1899 8:01:00,39 00 31 00 33 00 ,,63,3,5,2,0,0,,,0,,,
533.00,2012,6/8/2012 0:00:00,81,12/30/1899 5:05:00,31 00 31 00 39 00 ,,55,0,2,0,1,0,,,0,,,
534.00,2012,6/8/2012 0:00:00,81,12/30/1899 5:19:00,31 00 31 00 39 00 ,,57,0,2,0,0,0,,,0,,,
535.00,2012,6/8/2012 0:00:00,81,12/30/1899 5:32:00,31 00 31 00 39 00 ,,58,1,2,0,2,0,,,2,,,
536.00,2012,6/8/2012 0:00:00,81,12/30/1899 6:14:00,39 00 31 00 36 00 ,,61,1,2,0,1,0,,,0,,,
537.00,2012,6/8/2012 0:00:00,81,12/30/1899 5:45:00,39 00 31 00 36 00 ,,60,1,2,0,0,0,,,0,,,
538.00,2012,6/8/2012 0:00:00,81,12/30/1899 6:00:00,39 00 31 00 36 00 ,,61,0,2,0,0,0,,,0,,,
539.00,2012,6/8/2012 0:00:00,81,12/30/1899 6:32:00,31 00 38 00 39 00 ,,61,1,3,0,0,0,,,0,,,
540.00,2012,6/8/2012 0:00:00,81,12/30/1899 6:47:00,31 00 38 00 39 00 ,,62,1,3,2,0,0,,,0,,,
541.00,2012,6/8/2012 0:00:00,81,12/30/1899 7:02:00,31 00 31 00 39 00 ,,61,1,3,2,0,0,,,0,,,
542.00,2012,6/8/2012 0:00:00,79,12/30/1899 8:37:00,31 00 34 00 39 00 ,,60,2,3,0,0,0,,,0,,,
543.00,2012,6/8/2012 0:00:00,79,12/30/1899 8:51:00,31 00 31 00 39 00 ,,65,3,3,1,1,0,,,0,,,
544.00,2012,6/8/2012 0:00:00,79,12/30/1899 9:08:00,39 00 31 00 33 00 ,,60,3,9,1,0,0,,,0,,,
545.00,2012,6/8/2012 0:00:00,79,12/30/1899 7:57:00,39 00 31 00 33 00 ,,61,3,3,1,1,0,,,0,,,
546.00,2012,6/8/2012 0:00:00,79,12/30/1899 8:16:00,39 00 31 00 33 00 ,,60,3,3,1,0,0,,,0,,,
547.00,2012,6/8/2012 0:00:00,79,12/30/1899 7:39:00,31 00 31 00 33 00 ,,62,4,7,1,0,0,,,0,,,
548.00,2012,6/8/2012 0:00:00,79,12/30/1899 7:13:00,31 00 38 00 36 00 ,,60,0,3,0,0,0,,,0,,,
549.00,2012,6/8/2012 0:00:00,79,12/30/1899 5:11:00,31 00 38 00 36 00 ,,57,0,2,0,0,1,,,0,,,
550.00,2012,6/8/2012 0:00:00,79,12/30/1899 5:32:00,31 00 31 00 36 00 ,,57,0,3,0,1,0,,,0,,,
551.00,2012,6/8/2012 0:00:00,79,12/30/1899 5:56:00,31 00 38 00 39 00 ,,58,0,2,0,0,0,,,0,,,
552.00,2012,6/8/2012 0:00:00,79,12/30/1899 6:18:00,31 00 38 00 39 00 ,,58,0,3,0,0,0,,,0,,,
553.00,2012,6/8/2012 0:00:00,79,12/30/1899 6:45:00,31 00 38 00 39 00 ,,59,0,3,0,1,0,,,0,,,
554.00,2012,6/9/2012 0:00:00,81,12/30/1899 8:34:00,39 00 35 00 36 00 ,,65,0,1,0,0,0,,,0,,,
555.00,2012,6/9/2012 0:00:00,81,12/30/1899 8:15:00,39 00 35 00 36 00 ,,64,0,1,0,0,0,,,0,,,
556.00,2012,6/9/2012 0:00:00,81,12/30/1899 8:00:00,39 00 35 00 36 00 ,,63,0,2,0,0,0,,,0,,,
557.00,2012,6/9/2012 0:00:00,81,12/30/1899 6:19:00,30 00 33 00 36 00 ,,57,0,0,0,1,0,,,0,,,
558.00,2012,6/9/2012 0:00:00,81,12/30/1899 6:35:00,30 00 33 00 36 00 ,,58,0,0,0,0,0,,,0,,,
559.00,2012,6/9/2012 0:00:00,81,12/30/1899 6:53:00,30 00 33 00 36 00 ,,60,0,0,0,0,0,,,0,,,
560.00,2012,6/9/2012 0:00:00,81,12/30/1899 7:11:00,30 00 33 00 36 00 ,,61,0,0,0,1,0,,,0,,,
561.00,2012,6/9/2012 0:00:00,81,12/30/1899 6:54:00,30 00 33 00 36 00 ,,59,0,0,0,0,0,,,0,,,
562.00,2012,6/9/2012 0:00:00,81,12/30/1899 6:04:00,30 00 33 00 36 00 ,,55,0,0,0,1,0,,,0,,,
563.00,2012,6/9/2012 0:00:00,81,12/30/1899 5:48:00,39 00 31 00 33 00 ,,54,0,0,0,1,0,,,0,,,
564.00,2012,6/9/2012 0:00:00,81,12/30/1899 5:33:00,39 00 31 00 33 00 ,,53,0,1,0,0,0,,,0,,,
565.00,2012,6/9/2012 0:00:00,81,12/30/1899 5:18:00,39 00 31 00 33 00 ,,53,0,2,0,0,0,,,0,,,
566.00,2012,6/18/2012 0:00:00,87,12/30/1899 4:47:00,31 00 31 00 36 00 ,,62,3,3,0,0,0,,,0,,,
567.00,2012,6/18/2012 0:00:00,87,12/30/1899 5:10:00,31 00 31 00 36 00 ,,62,3,3,0,1,0,,,0,,,
568.00,2012,6/18/2012 0:00:00,87,12/30/1899 5:33:00,39 00 39 00 30 00 ,,62,3,3,0,0,0,,,0,,,
569.00,2012,6/18/2012 0:00:00,87,12/30/1899 5:58:00,30 00 31 00 39 00 ,,68,2,3,0,0,0,,,0,,,
570.00,2012,6/18/2012 0:00:00,87,12/30/1899 6:20:00,39 00 31 00 33 00 ,,70,3,3,0,0,0,,,0,,,
571.00,2012,6/18/2012 0:00:00,87,12/30/1899 6:39:00,39 00 31 00 33 00 ,,70,2,3,0,0,0,,,0,,,
572.00,2012,6/18/2012 0:00:00,87,12/30/1899 7:00:00,39 00 31 00 33 00 ,,70,2,3,0,0,0,,,0,,,
573.00,2012,6/18/2012 0:00:00,87,12/30/1899 7:21:00,39 00 31 00 33 00 ,,70,1,3,0,1,0,,,0,,,
574.00,2012,6/18/2012 0:00:00,87,12/30/1899 7:39:00,39 00 31 00 33 00 ,,70,2,3,0,0,0,,,0,,,
575.00,2012,6/18/2012 0:00:00,87,12/30/1899 8:07:00,30 00 31 00 32 00 ,,70,2,2,0,0,0,,,0,,,
576.00,2012,6/18/2012 0:00:00,87,12/30/1899 8:28:00,30 00 31 00 35 00 ,,70,3,2,0,0,0,,,0,,,
577.00,2012,6/18/2012 0:00:00,87,12/30/1899 8:45:00,30 00 31 00 35 00 ,,70,2,1,0,1,0,,,0,,,
578.00,2012,6/20/2012 0:00:00,89,12/30/1899 8:21:00,30 00 31 00 36 00 ,,67,0,7,1,0,0,,,0,,,
579.00,2012,6/20/2012 0:00:00,89,12/30/1899 8:36:00,31 00 36 00 ,,68,3,5,1,1,1,,,0,,,
580.00,2012,6/20/2012 0:00:00,89,12/30/1899 8:56:00,31 00 36 00 ,,68,0,5,1,2,0,,,0,,,
581.00,2012,6/20/2012 0:00:00,89,12/30/1899 8:07:00,31 00 31 00 36 00 ,,67,0,5,1,0,0,,,0,,,
582.00,2012,6/20/2012 0:00:00,89,12/30/1899 7:50:00,30 00 31 00 36 00 ,,66,0,5,0,0,0,,,0,,,
583.00,2012,6/20/2012 0:00:00,89,12/30/1899 7:35:00,30 00 31 00 36 00 ,,65,2,5,0,0,0,,,0,,,
584.00,2012,6/20/2012 0:00:00,89,12/30/1899 6:12:00,39 00 31 00 39 00 ,,64,1,3,0,0,0,,,0,,,
585.00,2012,6/20/2012 0:00:00,89,12/30/1899 5:58:00,39 00 31 00 39 00 ,,63,0,3,0,1,0,,,0,,,
586.00,2012,6/20/2012 0:00:00,89,12/30/1899 5:45:00,39 00 31 00 39 00 ,,63,0,3,0,2,0,,,0,,,
587.00,2012,6/20/2012 0:00:00,89,12/30/1899 6:23:00,39 00 31 00 36 00 ,,63,0,5,0,2,0,,,0,,,
588.00,2012,6/20/2012 0:00:00,89,12/30/1899 5:06:00,39 00 31 00 31 00 ,,62,0,5,0,0,0,,,0,,,
589.00,2012,6/20/2012 0:00:00,89,12/30/1899 4:50:00,39 00 31 00 36 00 ,,62,0,5,0,0,0,,,0,,,
592.00,2012,6/20/2012 0:00:00,87,12/30/1899 8:29:00,39 00 31 00 36 00 ,,64,1,9,1,0,0,,,0,,,
593.00,2012,6/20/2012 0:00:00,87,12/30/1899 6:44:00,39 00 30 00 36 00 ,,64,1,6,0,1,0,,,0,,,
594.00,2012,6/20/2012 0:00:00,87,12/30/1899 6:27:00,39 00 30 00 36 00 ,,64,1,6,0,0,0,,,0,,,
595.00,2012,6/20/2012 0:00:00,87,12/30/1899 6:09:00,39 00 30 00 39 00 ,,64,1,6,0,0,0,,,0,,,
596.00,2012,6/20/2012 0:00:00,87,12/30/1899 7:04:00,39 00 32 00 37 00 ,,64,1,6,0,0,0,,,0,,,
597.00,2012,6/20/2012 0:00:00,87,12/30/1899 7:21:00,39 00 32 00 37 00 ,,64,1,6,0,0,0,,,0,,,
598.00,2012,6/20/2012 0:00:00,87,12/30/1899 7:39:00,39 00 30 00 37 00 ,,64,2,9,0,0,0,,,0,,,
599.00,2012,6/20/2012 0:00:00,87,12/30/1899 4:48:00,39 00 31 00 36 00 ,,61,1,9,0,0,0,,,0,,,
600.00,2012,6/20/2012 0:00:00,87,12/30/1899 5:08:00,39 00 31 00 36 00 ,,61,1,6,0,0,0,,,0,,,
601.00,2012,6/20/2012 0:00:00,87,12/30/1899 5:31:00,39 00 31 00 33 00 ,,61,1,6,0,0,0,,,0,,,
602.00,2012,6/20/2012 0:00:00,90,12/30/1899 4:45:00,39 00 39 00 30 00 ,,60,2,5,1,0,0,31 00 ,,0,,,
603.00,2012,6/20/2012 0:00:00,90,12/30/1899 5:00:00,39 00 31 00 33 00 ,,61,1,5,1,0,0,,,0,,,
604.00,2012,6/20/2012 0:00:00,90,12/30/1899 6:01:00,39 00 39 00 30 00 ,,62,2,3,1,0,0,31 00 ,,0,,,
605.00,2012,6/20/2012 0:00:00,90,12/30/1899 5:46:00,39 00 31 00 33 00 ,,62,1,3,1,0,0,,,0,,,
606.00,2012,6/20/2012 0:00:00,90,12/30/1899 5:31:00,39 00 31 00 33 00 ,,61,1,3,1,0,0,,,0,,,
607.00,2012,6/20/2012 0:00:00,90,12/30/1899 5:17:00,39 00 31 00 37 00 ,,62,1,3,1,0,0,,,0,,,
608.00,2012,6/20/2012 0:00:00,90,12/30/1899 6:14:00,39 00 31 00 33 00 ,,60,1,3,1,0,0,,,0,,,
609.00,2012,6/20/2012 0:00:00,90,12/30/1899 6:28:00,39 00 31 00 33 00 ,,61,1,3,1,0,0,,,0,,,
610.00,2012,6/20/2012 0:00:00,90,12/30/1899 7:07:00,39 00 31 00 39 00 ,,62,2,3,1,0,0,,,0,,,
611.00,2012,6/20/2012 0:00:00,90,12/30/1899 7:26:00,39 00 31 00 36 00 ,,63,3,3,1,0,0,,,0,,,
612.00,2012,6/20/2012 0:00:00,90,12/30/1899 7:44:00,31 00 31 00 36 00 ,,64,3,3,1,0,0,,,0,,,
613.00,2012,6/20/2012 0:00:00,90,12/30/1899 6:42:00,39 00 31 00 33 00 ,,61,2,3,1,0,0,,,0,,,
614.00,2012,6/18/2012 0:00:00,79,12/30/1899 7:12:00,30 00 31 00 33 00 ,,61,3,3,0,0,0,,,0,,,
615.00,2012,6/18/2012 0:00:00,79,12/30/1899 8:27:00,30 00 31 00 33 00 ,,65,2,2,0,0,0,,,0,,,
616.00,2012,6/18/2012 0:00:00,79,12/30/1899 6:55:00,30 00 31 00 33 00 ,,63,3,3,1,0,0,,,0,,,
617.00,2012,6/18/2012 0:00:00,79,12/30/1899 8:04:00,30 00 31 00 32 00 ,,64,5,3,1,0,0,,,0,,,
618.00,2012,6/18/2012 0:00:00,79,12/30/1899 7:48:00,30 00 31 00 33 00 ,,62,4,3,0,0,0,,,0,,,
619.00,2012,6/18/2012 0:00:00,79,12/30/1899 7:33:00,30 00 31 00 33 00 ,,62,4,3,1,0,0,,,0,,,
620.00,2012,6/18/2012 0:00:00,79,12/30/1899 6:35:00,30 00 31 00 33 00 ,,62,5,3,1,0,0,,,0,,,
621.00,2012,6/18/2012 0:00:00,79,12/30/1899 6:22:00,30 00 31 00 33 00 ,,63,4,3,1,0,0,,,0,,,
622.00,2012,6/18/2012 0:00:00,79,12/30/1899 6:05:00,30 00 32 00 33 00 ,,63,4,3,1,1,0,,,0,,,
623.00,2012,6/18/2012 0:00:00,79,12/30/1899 5:10:00,30 00 32 00 33 00 ,,64,4,3,1,0,0,,,0,,,
624.00,2012,6/18/2012 0:00:00,79,12/30/1899 5:26:00,30 00 32 00 33 00 ,,64,5,3,1,0,0,,,0,,,
625.00,2012,6/18/2012 0:00:00,79,12/30/1899 5:43:00,30 00 32 00 33 00 ,,63,4,3,1,0,0,,,0,,,
626.00,2012,6/18/2012 0:00:00,90,12/30/1899 5:01:00,39 00 31 00 31 00 ,,55,3,3,1,0,0,,,0,,,
627.00,2012,6/18/2012 0:00:00,90,12/30/1899 5:17:00,39 00 31 00 31 00 ,,55,3,3,0,0,0,,,0,,,
628.00,2012,6/18/2012 0:00:00,90,12/30/1899 5:48:00,39 00 31 00 31 00 ,,56,4,3,0,1,0,,,0,,,
629.00,2012,6/18/2012 0:00:00,90,12/30/1899 7:58:00,30 00 32 00 36 00 ,,65,3,3,0,0,0,,,0,,,
630.00,2012,6/18/2012 0:00:00,90,12/30/1899 6:12:00,31 00 39 00 ,,56,4,3,0,2,0,,,0,,,
631.00,2012,6/18/2012 0:00:00,90,12/30/1899 6:28:00,31 00 31 00 ,,57,4,3,0,2,0,,,0,,,
632.00,2012,6/18/2012 0:00:00,90,12/30/1899 6:43:00,39 00 31 00 33 00 ,,62,4,3,0,0,0,,,0,,,
633.00,2012,6/18/2012 0:00:00,90,12/30/1899 8:14:00,30 00 32 00 39 00 ,,66,4,2,0,2,0,,,0,,,
634.00,2012,6/18/2012 0:00:00,90,12/30/1899 8:24:00,30 00 32 00 39 00 ,,64,3,2,0,0,0,,,0,,,
635.00,2012,6/18/2012 0:00:00,90,12/30/1899 7:01:00,30 00 32 00 38 00 ,,64,4,3,0,2,0,,,0,,,
636.00,2012,6/18/2012 0:00:00,90,12/30/1899 7:18:00,30 00 32 00 38 00 ,,64,4,3,0,3,0,,,0,,,
637.00,2012,6/18/2012 0:00:00,90,12/30/1899 7:32:00,30 00 32 00 38 00 ,,67,4,3,0,2,0,,,0,,,
638.00,2012,6/19/2012 0:00:00,79,12/30/1899 8:09:00,32 00 39 00 ,,54,0,3,0,0,0,,,0,,,
639.00,2012,6/19/2012 0:00:00,79,12/30/1899 8:24:00,32 00 39 00 ,,55,0,3,0,0,0,,,0,,,
640.00,2012,6/19/2012 0:00:00,79,12/30/1899 8:40:00,32 00 39 00 ,,58,0,3,0,1,1,,,0,,,
641.00,2012,6/19/2012 0:00:00,79,12/30/1899 7:04:00,30 00 33 00 39 00 ,,55,0,3,0,1,0,,,0,,,
642.00,2012,6/19/2012 0:00:00,79,12/30/1899 7:22:00,39 00 31 00 39 00 ,,55,0,3,0,1,0,,,0,,,
643.00,2012,6/19/2012 0:00:00,79,12/30/1899 7:39:00,30 00 33 00 39 00 ,,54,0,3,0,0,0,,,0,,,
644.00,2012,6/19/2012 0:00:00,79,12/30/1899 5:44:00,39 00 31 00 38 00 ,,54,2,3,0,1,0,,,0,,,
645.00,2012,6/19/2012 0:00:00,79,12/30/1899 5:26:00,39 00 31 00 38 00 ,,53,1,2,0,0,0,,,0,,,
646.00,2012,6/19/2012 0:00:00,79,12/30/1899 5:07:00,39 00 31 00 38 00 ,,53,0,2,0,1,0,,,0,,,
647.00,2012,6/18/2012 0:00:00,89,12/30/1899 4:45:00,39 00 31 00 39 00 ,,54,0,0,1,1,0,,,0,,,
648.00,2012,6/19/2012 0:00:00,89,12/30/1899 5:00:00,39 00 31 00 36 00 ,,54,0,0,1,0,1,,,0,,,
649.00,2012,6/19/2012 0:00:00,89,12/30/1899 5:12:00,39 00 31 00 36 00 ,,54,0,0,0,0,0,,,0,,,
650.00,2012,6/19/2012 0:00:00,79,12/30/1899 6:06:00,30 00 31 00 36 00 ,,54,2,3,0,1,0,,,0,,,
651.00,2012,6/19/2012 0:00:00,79,12/30/1899 6:22:00,30 00 31 00 36 00 ,,54,0,3,0,0,0,,,0,,,
652.00,2012,6/19/2012 0:00:00,79,12/30/1899 6:37:00,30 00 31 00 36 00 ,,53,0,3,0,1,0,,,0,,,
653.00,2012,6/19/2012 0:00:00,89,12/30/1899 5:29:00,30 00 31 00 34 00 ,,55,0,2,1,0,0,,,0,,,
654.00,2012,6/19/2012 0:00:00,89,12/30/1899 5:43:00,30 00 31 00 34 00 ,,50,1,3,1,3,0,,,0,,,
655.00,2012,6/19/2012 0:00:00,89,12/30/1899 5:57:00,30 00 31 00 34 00 ,,58,3,3,0,5,0,,,0,,,
656.00,2012,6/19/2012 0:00:00,89,12/30/1899 6:20:00,30 00 31 00 34 00 ,,59,1,3,1,0,0,,,0,,,
657.00,2012,6/19/2012 0:00:00,89,12/30/1899 6:30:00,30 00 31 00 34 00 ,,61,0,3,1,1,0,,,0,,,
658.00,2012,6/19/2012 0:00:00,89,12/30/1899 7:02:00,30 00 31 00 34 00 ,,61,0,3,1,0,0,,,0,,,
659.00,2012,6/19/2012 0:00:00,89,12/30/1899 8:18:00,39 00 31 00 34 00 ,,65,0,3,1,1,0,,,0,,,
660.00,2012,6/19/2012 0:00:00,89,12/30/1899 7:36:00,39 00 31 00 34 00 ,,65,0,3,0,2,0,,,0,,,
661.00,2012,6/19/2012 0:00:00,89,12/30/1899 7:54:00,39 00 31 00 34 00 ,,65,0,3,0,2,0,,,0,,,
662.00,2012,6/14/2012 0:00:00,81,12/30/1899 5:58:00,30 00 33 00 38 00 ,,61,5,3,0,0,0,,,0,,,
663.00,2012,6/19/2012 0:00:00,90,12/30/1899 4:50:00,30 00 33 00 38 00 ,,57,2,3,1,0,0,,,0,,,
664.00,2012,6/19/2012 0:00:00,90,12/30/1899 5:01:00,30 00 33 00 38 00 ,,58,3,3,1,2,0,,,0,,,
665.00,2012,6/19/2012 0:00:00,90,12/30/1899 6:26:00,39 00 32 00 35 00 ,,62,2,3,0,0,0,,,0,,,
666.00,2012,6/19/2012 0:00:00,90,12/30/1899 6:42:00,39 00 32 00 35 00 ,,63,2,3,0,1,0,,,0,,,
667.00,2012,6/19/2012 0:00:00,90,12/30/1899 7:01:00,39 00 32 00 35 00 ,,63,2,3,0,0,0,,,0,,,
668.00,2012,6/19/2012 0:00:00,90,12/30/1899 7:19:00,30 00 31 00 39 00 ,,61,3,3,1,0,0,,,0,,,
669.00,2012,6/19/2012 0:00:00,90,12/30/1899 7:42:00,30 00 31 00 39 00 ,,63,3,3,0,2,0,,,0,,,
670.00,2012,6/19/2012 0:00:00,90,12/30/1899 8:16:00,30 00 32 00 39 00 ,,64,3,3,0,3,0,,,0,,,
671.00,2012,6/19/2012 0:00:00,90,12/30/1899 5:10:00,31 00 31 00 34 00 ,,60,2,3,1,0,0,,,0,,,
672.00,2012,6/19/2012 0:00:00,90,12/30/1899 5:31:00,31 00 31 00 34 00 ,,60,2,3,1,2,0,,,0,,,
673.00,2012,6/19/2012 0:00:00,90,12/30/1899 5:41:00,31 00 31 00 34 00 ,,61,2,3,0,0,0,,,0,,,
674.00,2012,6/18/2012 0:00:00,89,12/30/1899 6:06:00,39 00 32 00 36 00 ,,56,3,3,0,0,0,,,0,,,
675.00,2012,6/18/2012 0:00:00,89,12/30/1899 5:51:00,30 00 31 00 39 00 ,,57,4,3,0,1,0,,,0,,,
676.00,2012,6/18/2012 0:00:00,89,12/30/1899 5:35:00,39 00 31 00 33 00 ,,57,4,3,0,0,0,,,0,,,
677.00,2012,6/18/2012 0:00:00,89,12/30/1899 5:15:00,31 00 31 00 39 00 ,,56,4,3,0,2,0,,,0,,,
678.00,2012,6/18/2012 0:00:00,89,12/30/1899 5:00:00,30 00 31 00 33 00 ,,54,4,3,0,2,0,,,0,,,
679.00,2012,6/18/2012 0:00:00,89,12/30/1899 6:21:00,39 00 31 00 33 00 ,,57,4,3,0,0,0,,,0,,,
680.00,2012,6/18/2012 0:00:00,89,12/30/1899 6:46:00,39 00 39 00 30 00 ,,60,3,3,0,1,0,,,0,,,
681.00,2012,6/18/2012 0:00:00,89,12/30/1899 7:10:00,30 00 31 00 39 00 ,,62,3,3,0,2,1,,,0,,,
682.00,2012,6/18/2012 0:00:00,89,12/30/1899 7:26:00,39 00 31 00 39 00 ,,62,4,3,0,1,0,,,0,,,
683.00,2012,6/18/2012 0:00:00,89,12/30/1899 7:41:00,31 00 31 00 39 00 ,,59,3,3,1,0,0,,,0,,,
684.00,2012,6/18/2012 0:00:00,89,12/30/1899 7:58:00,39 00 32 00 36 00 ,,62,3,3,0,1,0,,,0,,,
685.00,2012,6/18/2012 0:00:00,89,12/30/1899 8:14:00,39 00 32 00 36 00 ,,62,4,2,0,0,0,,,0,,,
686.00,2012,6/20/2012 0:00:00,79,12/30/1899 6:24:00,39 00 31 00 39 00 ,,60,2,6,1,0,0,,,0,,,
687.00,2012,6/20/2012 0:00:00,79,12/30/1899 6:07:00,39 00 31 00 39 00 ,,60,1,6,1,0,0,,,0,,,
688.00,2012,6/20/2012 0:00:00,79,12/30/1899 5:52:00,39 00 31 00 36 00 ,,60,2,6,1,0,0,,,0,,,
689.00,2012,6/20/2012 0:00:00,79,12/30/1899 5:36:00,30 00 31 00 37 00 ,,60,2,6,1,0,0,,,0,,,
690.00,2012,6/20/2012 0:00:00,79,12/30/1899 5:19:00,30 00 31 00 37 00 ,,60,3,6,1,0,0,,,0,,,
691.00,2012,6/20/2012 0:00:00,79,12/30/1899 5:04:00,30 00 31 00 37 00 ,,60,3,6,1,0,0,,,0,,,
692.00,2012,6/20/2012 0:00:00,79,12/30/1899 7:44:00,31 00 36 00 33 00 ,,60,3,3,1,0,0,,,0,,,
693.00,2012,6/20/2012 0:00:00,79,12/30/1899 7:24:00,31 00 36 00 33 00 ,,61,0,3,0,0,0,,,0,,,
694.00,2012,6/20/2012 0:00:00,79,12/30/1899 7:06:00,31 00 36 00 33 00 ,,60,0,3,1,1,0,,,0,,,
695.00,2012,6/20/2012 0:00:00,79,12/30/1899 8:05:00,30 00 32 00 37 00 ,,60,3,6,1,1,0,,,0,,,
696.00,2012,6/20/2012 0:00:00,79,12/30/1899 8:34:00,39 00 39 00 30 00 ,,60,3,3,1,0,0,,,0,,,
697.00,2012,6/20/2012 0:00:00,79,12/30/1899 8:21:00,39 00 32 00 36 00 ,,60,3,9,1,1,0,,,0,,,
698.00,2012,6/18/2012 0:00:00,81,12/30/1899 5:25:00,39 00 31 00 39 00 ,,62,3,3,1,0,0,,,0,,,
699.00,2012,6/18/2012 0:00:00,81,12/30/1899 5:38:00,39 00 31 00 39 00 ,,63,3,3,1,0,0,,,0,,,
700.00,2012,6/18/2012 0:00:00,81,12/30/1899 6:21:00,39 00 31 00 39 00 ,,64,4,3,1,0,0,,,0,,,
701.00,2012,6/18/2012 0:00:00,81,12/30/1899 5:52:00,31 00 31 00 36 00 ,,64,4,3,1,0,0,,,0,,,
702.00,2012,6/18/2012 0:00:00,81,12/30/1899 6:07:00,31 00 31 00 36 00 ,,64,3,3,1,0,0,,,0,,,
703.00,2012,6/18/2012 0:00:00,81,12/30/1899 6:34:00,31 00 31 00 36 00 ,,64,4,3,1,0,0,,,0,,,
704.00,2012,6/18/2012 0:00:00,81,12/30/1899 6:50:00,39 00 31 00 36 00 ,,64,3,3,1,0,0,,,0,,,
705.00,2012,6/18/2012 0:00:00,81,12/30/1899 7:03:00,39 00 31 00 36 00 ,,65,3,3,1,0,0,,,0,,,
706.00,2012,6/18/2012 0:00:00,81,12/30/1899 7:17:00,39 00 31 00 36 00 ,,66,3,3,1,0,0,,,0,,,
707.00,2012,6/18/2012 0:00:00,81,12/30/1899 7:37:00,39 00 31 00 36 00 ,,66,4,3,0,0,0,,,0,,,
708.00,2012,6/18/2012 0:00:00,81,12/30/1899 7:53:00,39 00 31 00 36 00 ,,67,3,2,1,1,0,,,0,,,
709.00,2012,6/18/2012 0:00:00,81,12/30/1899 8:06:00,39 00 31 00 36 00 ,,68,3,2,0,0,0,,,0,,,
710.00,2012,6/19/2012 0:00:00,87,12/30/1899 6:58:00,31 00 31 00 31 00 ,,66,1,3,0,0,0,,,0,,,
711.00,2012,6/19/2012 0:00:00,87,12/30/1899 7:17:00,31 00 31 00 31 00 ,,64,1,3,0,1,0,,,0,,,
712.00,2012,6/19/2012 0:00:00,87,12/30/1899 7:35:00,31 00 31 00 36 00 ,,64,1,3,0,0,0,,,0,,,
713.00,2012,6/19/2012 0:00:00,87,12/30/1899 7:55:00,31 00 31 00 33 00 ,,64,1,3,0,0,0,,,0,,,
714.00,2012,6/19/2012 0:00:00,87,12/30/1899 8:14:00,30 00 31 00 38 00 ,,64,1,3,0,0,0,,,0,,,
715.00,2012,6/19/2012 0:00:00,87,12/30/1899 8:31:00,39 00 31 00 31 00 ,,64,1,3,0,1,0,,,0,,,
716.00,2012,6/19/2012 0:00:00,87,12/30/1899 4:47:00,39 00 30 00 36 00 ,,52,1,3,0,0,0,,,0,,,
717.00,2012,6/19/2012 0:00:00,87,12/30/1899 5:06:00,30 00 31 00 39 00 ,,63,1,2,0,1,0,,,0,,,
718.00,2012,6/19/2012 0:00:00,87,12/30/1899 5:26:00,30 00 31 00 39 00 ,,64,1,2,0,2,0,,,0,,,
719.00,2012,6/19/2012 0:00:00,87,12/30/1899 5:47:00,30 00 31 00 39 00 ,,62,1,2,0,1,0,,,0,,,
720.00,2012,6/19/2012 0:00:00,87,12/30/1899 6:11:00,31 00 31 00 36 00 ,,62,1,3,0,1,0,,,0,,,
721.00,2012,6/19/2012 0:00:00,87,12/30/1899 6:30:00,39 00 32 00 36 00 ,,62,1,3,0,0,0,,,0,,,
722.00,2012,6/17/2012 0:00:00,89,12/30/1899 5:13:00,39 00 31 00 33 00 ,,48,3,0,0,1,0,,,0,,,
723.00,2012,6/17/2012 0:00:00,89,12/30/1899 5:25:00,39 00 31 00 33 00 ,,47,4,0,0,0,0,,,0,,,
724.00,2012,6/17/2012 0:00:00,89,12/30/1899 5:38:00,39 00 31 00 33 00 ,,49,4,0,0,0,0,,,2,,,
725.00,2012,6/17/2012 0:00:00,89,12/30/1899 5:52:00,31 00 34 00 39 00 ,,61,4,0,0,0,0,,,2,,,
726.00,2012,6/17/2012 0:00:00,89,12/30/1899 6:05:00,31 00 31 00 39 00 ,,62,4,0,0,0,0,,,0,,,
727.00,2012,6/17/2012 0:00:00,89,12/30/1899 6:19:00,39 00 31 00 39 00 ,,63,4,0,0,0,0,,,2,,,
728.00,2012,6/17/2012 0:00:00,89,12/30/1899 6:37:00,39 00 31 00 33 00 ,,63,4,0,0,0,0,,,0,,,
729.00,2012,6/17/2012 0:00:00,89,12/30/1899 7:17:00,39 00 31 00 33 00 ,,63,4,1,0,0,0,,,0,,,
730.00,2012,6/17/2012 0:00:00,89,12/30/1899 6:55:00,39 00 31 00 33 00 ,,63,4,0,0,0,0,,,0,,,
731.00,2012,6/17/2012 0:00:00,89,12/30/1899 7:45:00,39 00 31 00 33 00 ,,65,4,3,0,0,0,,,1,,,
732.00,2012,6/17/2012 0:00:00,89,12/30/1899 8:00:00,39 00 31 00 33 00 ,,65,4,3,0,0,0,,,1,,,
733.00,2012,6/17/2012 0:00:00,89,12/30/1899 8:18:00,39 00 31 00 33 00 ,,67,5,3,2,1,0,,,0,,,
734.00,2012,6/17/2012 0:00:00,87,12/30/1899 5:40:00,39 00 31 00 33 00 ,,58,3,1,0,0,0,,,0,,,
735.00,2012,6/17/2012 0:00:00,87,12/30/1899 5:21:00,39 00 31 00 33 00 ,,58,3,1,0,0,0,,,0,,,
736.00,2012,6/17/2012 0:00:00,87,12/30/1899 5:00:00,39 00 31 00 33 00 ,,66,3,6,0,0,0,,,0,,,
737.00,2012,6/17/2012 0:00:00,87,12/30/1899 7:06:00,39 00 31 00 36 00 ,,56,3,2,0,0,0,,,0,,,
738.00,2012,6/17/2012 0:00:00,87,12/30/1899 7:29:00,39 00 31 00 36 00 ,,59,4,2,1,0,0,,,0,,,
740.00,2012,6/17/2012 0:00:00,87,12/30/1899 7:55:00,31 00 31 00 33 00 ,,57,3,3,0,0,0,,,0,,,
741.00,2012,6/17/2012 0:00:00,87,12/30/1899 8:16:00,31 00 31 00 33 00 ,,59,4,3,1,0,0,,,0,,,
742.00,2012,6/17/2012 0:00:00,87,12/30/1899 8:36:00,39 00 31 00 33 00 ,,59,4,3,1,0,0,,,0,,,
743.00,2012,6/17/2012 0:00:00,89,12/30/1899 9:15:00,39 00 31 00 33 00 ,,68,5,2,0,0,0,,,0,,,
744.00,2012,6/17/2012 0:00:00,89,12/30/1899 9:27:00,39 00 31 00 33 00 ,,65,5,2,0,0,0,,,0,,,
745.00,2012,6/17/2012 0:00:00,87,12/30/1899 9:18:00,39 00 31 00 33 00 ,,61,3,1,0,0,0,,,0,,,
746.00,2012,6/17/2012 0:00:00,79,12/30/1899 8:23:00,39 00 31 00 39 00 ,,53,5,3,1,0,0,,,0,,,
747.00,2012,6/17/2012 0:00:00,79,12/30/1899 8:07:00,39 00 31 00 39 00 ,,53,5,3,1,0,0,,,0,,,
748.00,2012,6/17/2012 0:00:00,79,12/30/1899 7:49:00,39 00 31 00 39 00 ,,53,6,3,1,0,0,,,0,,,
749.00,2012,6/17/2012 0:00:00,79,12/30/1899 7:33:00,39 00 31 00 39 00 ,,53,6,2,1,0,1,,,0,,,
750.00,2012,6/17/2012 0:00:00,79,12/30/1899 7:17:00,39 00 31 00 31 00 ,,53,5,2,1,0,0,,,0,,,
751.00,2012,6/17/2012 0:00:00,79,12/30/1899 6:59:00,39 00 31 00 36 00 ,,53,4,1,1,0,0,,,0,,,
752.00,2012,6/17/2012 0:00:00,79,12/30/1899 6:40:00,39 00 31 00 39 00 ,,53,5,2,1,0,0,,,0,,,
753.00,2012,6/17/2012 0:00:00,79,12/30/1899 6:23:00,39 00 31 00 39 00 ,,53,5,2,1,0,0,,,0,,,
754.00,2012,6/17/2012 0:00:00,79,12/30/1899 6:08:00,39 00 31 00 39 00 ,,53,5,2,1,0,0,,,0,,,
755.00,2012,6/17/2012 0:00:00,79,12/30/1899 5:15:00,39 00 31 00 31 00 ,,53,5,2,1,0,0,,,0,,,
756.00,2012,6/17/2012 0:00:00,79,12/30/1899 5:31:00,39 00 31 00 39 00 ,,53,5,2,1,1,0,,,0,,,
757.00,2012,6/17/2012 0:00:00,79,12/30/1899 5:47:00,39 00 31 00 33 00 ,,53,5,2,1,0,0,,,0,,,
758.00,2012,6/17/2012 0:00:00,90,12/30/1899 5:13:00,30 00 32 00 36 00 ,,57,4,2,0,0,0,,,0,,,
759.00,2012,6/17/2012 0:00:00,90,12/30/1899 5:22:00,30 00 32 00 36 00 ,,57,4,2,1,1,0,,,0,,,
760.00,2012,6/17/2012 0:00:00,90,12/30/1899 4:58:00,39 00 31 00 39 00 ,,60,4,2,0,0,0,,,0,,,
761.00,2012,6/17/2012 0:00:00,90,12/30/1899 7:33:00,39 00 31 00 33 00 ,,60,4,3,0,0,0,,,0,,,
762.00,2012,6/17/2012 0:00:00,90,12/30/1899 7:46:00,39 00 31 00 33 00 ,,60,4,3,0,0,0,,,0,,,
763.00,2012,6/17/2012 0:00:00,90,12/30/1899 7:58:00,39 00 31 00 36 00 ,,61,4,3,1,1,0,,,0,,,
764.00,2012,6/17/2012 0:00:00,90,12/30/1899 6:47:00,39 00 31 00 33 00 ,,59,5,3,1,0,0,,,0,,,
765.00,2012,6/17/2012 0:00:00,90,12/30/1899 7:00:00,39 00 31 00 33 00 ,,61,5,3,1,0,0,,,0,,,
766.00,2012,6/17/2012 0:00:00,90,12/30/1899 7:13:00,39 00 31 00 33 00 ,,59,5,3,1,1,0,,,0,,,
767.00,2012,6/17/2012 0:00:00,90,12/30/1899 5:46:00,39 00 31 00 33 00 ,,59,5,2,1,0,0,,,0,,,
768.00,2012,6/17/2012 0:00:00,90,12/30/1899 6:03:00,39 00 31 00 33 00 ,,57,5,2,1,0,0,,,0,,,
769.00,2012,6/17/2012 0:00:00,90,12/30/1899 6:30:00,39 00 31 00 33 00 ,,54,5,2,1,1,0,,,0,,,
770.00,2012,6/21/2012 0:00:00,87,12/30/1899 4:42:00,39 00 31 00 39 00 ,,55,1,6,1,0,0,,,0,,,
771.00,2012,6/21/2012 0:00:00,87,12/30/1899 5:01:00,39 00 31 00 36 00 ,,55,1,3,0,1,0,,,0,,,
772.00,2012,6/21/2012 0:00:00,87,12/30/1899 5:20:00,39 00 31 00 33 00 ,,55,1,6,0,0,0,,,0,,,
773.00,2012,6/21/2012 0:00:00,87,12/30/1899 5:51:00,39 00 31 00 39 00 ,,58,1,2,0,1,0,,,0,,,
774.00,2012,6/21/2012 0:00:00,87,12/30/1899 6:11:00,39 00 31 00 39 00 ,,58,1,2,0,0,0,,,0,,,
775.00,2012,6/21/2012 0:00:00,87,12/30/1899 6:30:00,39 00 31 00 39 00 ,,58,3,2,1,0,0,,,0,,,
776.00,2012,6/21/2012 0:00:00,87,12/30/1899 7:06:00,39 00 31 00 31 00 ,,58,1,2,0,0,0,,,0,,,
777.00,2012,6/21/2012 0:00:00,87,12/30/1899 7:29:00,39 00 31 00 39 00 ,,60,2,3,0,0,0,,,0,,,
778.00,2012,6/21/2012 0:00:00,87,12/30/1899 7:56:00,39 00 39 00 30 00 ,,60,3,2,0,0,0,31 00 ,,0,,,
779.00,2012,6/21/2012 0:00:00,87,12/30/1899 8:17:00,39 00 35 00 39 00 ,,62,4,2,1,0,0,,,0,,,
780.00,2012,6/21/2012 0:00:00,87,12/30/1899 8:36:00,39 00 35 00 36 00 ,,60,3,1,0,0,0,,,0,,,
781.00,2012,6/21/2012 0:00:00,87,12/30/1899 8:57:00,39 00 31 00 33 00 ,,64,3,0,0,0,0,,,0,,,
782.00,2012,6/13/2012 0:00:00,81,12/30/1899 8:19:00,39 00 35 00 38 00 ,,63,5,0,0,0,0,,,0,,,
783.00,2012,6/13/2012 0:00:00,81,12/30/1899 8:05:00,39 00 35 00 38 00 ,,63,5,0,0,1,0,,,0,,,
784.00,2012,6/13/2012 0:00:00,81,12/30/1899 7:53:00,39 00 35 00 38 00 ,,62,5,1,0,0,0,,,0,,,
785.00,2012,6/13/2012 0:00:00,79,12/30/1899 5:13:00,39 00 31 00 39 00 ,,50,3,3,0,1,0,,,0,,,
786.00,2012,6/13/2012 0:00:00,79,12/30/1899 5:30:00,39 00 31 00 36 00 ,,50,3,3,1,0,0,,,0,,,
787.00,2012,6/13/2012 0:00:00,79,12/30/1899 5:48:00,39 00 31 00 39 00 ,,50,3,2,1,1,0,,,0,,,
788.00,2012,6/13/2012 0:00:00,79,12/30/1899 6:17:00,39 00 31 00 36 00 ,,52,3,2,1,0,0,,,0,,,
789.00,2012,6/13/2012 0:00:00,79,12/30/1899 6:33:00,39 00 31 00 31 00 ,,54,3,2,1,1,0,,,0,,,
790.00,2012,6/13/2012 0:00:00,79,12/30/1899 6:47:00,39 00 31 00 36 00 ,,54,3,3,1,0,0,,,0,,,
791.00,2012,6/13/2012 0:00:00,79,12/30/1899 7:27:00,39 00 32 00 36 00 ,,55,2,2,1,1,0,,,0,,,
792.00,2012,6/13/2012 0:00:00,79,12/30/1899 7:44:00,39 00 32 00 36 00 ,,55,4,2,1,0,0,,,0,,,
793.00,2012,6/13/2012 0:00:00,79,12/30/1899 7:59:00,39 00 32 00 36 00 ,,55,4,2,1,0,0,,,0,,,
794.00,2012,6/13/2012 0:00:00,79,12/30/1899 8:15:00,39 00 31 00 36 00 ,,55,3,1,0,0,0,,,0,,,
803.00,2012,6/12/2012 0:00:00,79,12/30/1899 6:15:00,39 00 39 00 30 00 ,,43,6,2,1,1,0,31 00 ,,0,,,
804.00,2012,6/12/2012 0:00:00,79,12/30/1899 6:00:00,39 00 39 00 30 00 ,,43,5,2,1,0,0,31 00 ,,0,,,
805.00,2012,6/12/2012 0:00:00,79,12/30/1899 5:40:00,30 00 31 00 36 00 ,,45,5,2,1,0,0,,,0,,,
806.00,2012,6/12/2012 0:00:00,79,12/30/1899 6:40:00,39 00 39 00 30 00 ,,43,6,2,1,0,0,31 00 ,,0,,,
807.00,2012,6/12/2012 0:00:00,79,12/30/1899 6:55:00,39 00 31 00 33 00 ,,43,6,2,1,0,0,,,0,,,
808.00,2012,6/12/2012 0:00:00,79,12/30/1899 7:11:00,39 00 31 00 33 00 ,,44,6,3,1,0,0,,,0,,,
809.00,2012,6/11/2012 0:00:00,79,12/30/1899 5:33:00,30 00 31 00 34 00 ,,58,0,1,0,1,0,,,0,,,
810.00,2012,6/11/2012 0:00:00,79,12/30/1899 5:48:00,30 00 31 00 31 00 ,,58,1,6,1,0,0,,,0,,,
812.00,2012,6/11/2012 0:00:00,79,12/30/1899 6:08:00,39 00 32 00 36 00 ,,59,2,6,1,0,0,,,0,,,
813.00,2012,6/11/2012 0:00:00,79,12/30/1899 6:24:00,39 00 32 00 36 00 ,,57,2,2,1,0,0,,,0,,,
814.00,2012,6/11/2012 0:00:00,79,12/30/1899 6:40:00,39 00 32 00 36 00 ,,57,1,2,1,0,0,,,0,,,
815.00,2012,6/11/2012 0:00:00,79,12/30/1899 7:21:00,31 00 34 00 39 00 ,,58,3,2,1,1,0,,,0,,,
816.00,2012,6/11/2012 0:00:00,79,12/30/1899 7:36:00,39 00 31 00 36 00 ,,58,4,1,1,0,0,,,0,,,
817.00,2012,6/11/2012 0:00:00,79,12/30/1899 7:06:00,31 00 31 00 33 00 ,,58,3,2,1,0,1,,,0,,,
818.00,2012,6/11/2012 0:00:00,79,12/30/1899 8:27:00,39 00 32 00 36 00 ,,60,3,1,1,0,0,,,0,,,
819.00,2012,6/11/2012 0:00:00,79,12/30/1899 8:01:00,39 00 32 00 36 00 ,,58,4,2,1,0,0,,,0,,,
821.00,2012,6/12/2012 0:00:00,87,12/30/1899 8:15:00,39 00 31 00 36 00 ,,53,6,3,1,0,0,,,0,,,
822.00,2012,6/12/2012 0:00:00,87,12/30/1899 7:58:00,39 00 31 00 36 00 ,,54,4,3,1,0,0,,,0,,,
823.00,2012,6/12/2012 0:00:00,87,12/30/1899 7:37:00,39 00 31 00 36 00 ,,53,5,3,1,0,0,,,0,,,
824.00,2012,6/12/2012 0:00:00,87,12/30/1899 8:37:00,39 00 31 00 39 00 ,,53,4,2,1,0,0,,,0,,,
825.00,2012,6/12/2012 0:00:00,87,12/30/1899 8:58:00,39 00 31 00 39 00 ,,53,4,3,1,0,0,,,0,,,
826.00,2012,6/12/2012 0:00:00,87,12/30/1899 9:19:00,39 00 31 00 39 00 ,,58,4,1,1,0,0,,,0,,,
827.00,2012,6/12/2012 0:00:00,87,12/30/1899 5:36:00,31 00 31 00 36 00 ,,56,2,1,0,0,0,,,0,,,
828.00,2012,6/12/2012 0:00:00,87,12/30/1899 5:17:00,31 00 31 00 36 00 ,,56,4,2,1,0,0,,,0,,,
829.00,2012,6/12/2012 0:00:00,87,12/30/1899 4:53:00,31 00 31 00 33 00 ,,56,3,2,0,0,0,,,0,,,
830.00,2012,6/12/2012 0:00:00,87,12/30/1899 5:56:00,39 00 31 00 35 00 ,,56,4,1,1,0,0,,,0,,,
831.00,2012,6/12/2012 0:00:00,87,12/30/1899 6:12:00,39 00 31 00 35 00 ,,56,5,1,1,0,0,,,0,,,
832.00,2012,6/12/2012 0:00:00,87,12/30/1899 6:37:00,39 00 31 00 35 00 ,,56,4,1,1,0,0,,,0,,,
833.00,2012,6/9/2012 0:00:00,89,12/30/1899 5:32:00,31 00 31 00 36 00 ,,58,0,0,0,1,0,,,0,,,
834.00,2012,6/9/2012 0:00:00,89,12/30/1899 5:15:00,31 00 31 00 36 00 ,,58,0,1,0,3,0,,,0,,,
835.00,2012,6/9/2012 0:00:00,89,12/30/1899 5:50:00,31 00 31 00 36 00 ,,61,0,0,0,2,0,,,0,,,
836.00,2012,6/9/2012 0:00:00,89,12/30/1899 6:08:00,31 00 31 00 36 00 ,,63,0,0,0,0,0,,,0,,,
837.00,2012,6/9/2012 0:00:00,89,12/30/1899 6:23:00,31 00 31 00 36 00 ,,61,1,0,0,0,0,,,0,,,
838.00,2012,6/9/2012 0:00:00,89,12/30/1899 6:35:00,31 00 31 00 36 00 ,,62,1,0,0,1,0,,,0,,,
839.00,2012,6/9/2012 0:00:00,89,12/30/1899 7:15:00,31 00 31 00 36 00 ,,63,1,0,0,1,0,,,0,,,
840.00,2012,6/9/2012 0:00:00,89,12/30/1899 7:34:00,31 00 31 00 36 00 ,,63,0,1,0,1,0,,,0,,,
841.00,2012,6/9/2012 0:00:00,89,12/30/1899 7:56:00,31 00 31 00 36 00 ,,65,0,1,0,3,0,,,0,,,
842.00,2012,6/9/2012 0:00:00,89,12/30/1899 8:16:00,31 00 31 00 36 00 ,,68,0,1,1,0,0,,,0,,,
843.00,2012,6/9/2012 0:00:00,89,12/30/1899 8:34:00,31 00 31 00 36 00 ,,69,0,1,0,1,0,,,0,,,
844.00,2012,6/9/2012 0:00:00,89,12/30/1899 8:50:00,39 00 31 00 33 00 ,,72,0,2,0,3,0,,,0,,,
845.00,2012,6/8/2012 0:00:00,89,12/30/1899 5:23:00,31 00 31 00 36 00 ,,52,0,2,0,1,0,,,0,,,
846.00,2012,6/8/2012 0:00:00,89,12/30/1899 5:40:00,31 00 31 00 36 00 ,,54,0,2,0,0,0,,,0,,,
847.00,2012,6/8/2012 0:00:00,89,12/30/1899 6:06:00,31 00 31 00 36 00 ,,56,0,3,0,2,0,,,0,,,
848.00,2012,6/8/2012 0:00:00,89,12/30/1899 6:23:00,31 00 31 00 36 00 ,,56,0,3,0,1,0,,,0,,,
849.00,2012,6/8/2012 0:00:00,89,12/30/1899 6:38:00,31 00 31 00 36 00 ,,58,0,3,0,1,1,,,0,,,
850.00,2012,6/8/2012 0:00:00,89,12/30/1899 6:58:00,31 00 31 00 36 00 ,,58,0,9,0,1,0,,,0,,,
851.00,2012,6/8/2012 0:00:00,89,12/30/1899 7:15:00,31 00 31 00 36 00 ,,60,0,3,0,0,1,,,0,,,
852.00,2012,6/8/2012 0:00:00,89,12/30/1899 7:38:00,39 00 31 00 33 00 ,,62,1,3,0,0,0,,,0,,,
853.00,2012,6/8/2012 0:00:00,89,12/30/1899 7:57:00,31 00 31 00 36 00 ,,66,1,3,0,1,0,,,0,,,
854.00,2012,6/8/2012 0:00:00,89,12/30/1899 8:21:00,31 00 31 00 36 00 ,,67,1,3,0,0,0,,,0,,,
855.00,2012,6/8/2012 0:00:00,89,12/30/1899 8:40:00,31 00 31 00 36 00 ,,67,0,2,0,0,0,,,0,,,
856.00,2012,6/8/2012 0:00:00,89,12/30/1899 9:09:00,31 00 31 00 36 00 ,,65,1,7,0,1,0,,,0,,,
869.00,2012,6/7/2012 0:00:00,79,12/30/1899 5:27:00,31 00 31 00 39 00 ,,44,1,0,0,0,0,,,0,,,
870.00,2012,6/7/2012 0:00:00,79,12/30/1899 5:44:00,31 00 31 00 39 00 ,,45,0,0,0,0,0,,,0,,,
871.00,2012,6/7/2012 0:00:00,79,12/30/1899 6:01:00,31 00 31 00 39 00 ,,45,0,0,0,0,0,,,0,,,
872.00,2012,6/7/2012 0:00:00,79,12/30/1899 6:22:00,31 00 38 00 36 00 ,,45,0,0,0,1,0,,,0,,,
873.00,2012,6/7/2012 0:00:00,79,12/30/1899 6:41:00,31 00 38 00 36 00 ,,47,0,0,0,0,0,,,0,,,
874.00,2012,6/7/2012 0:00:00,79,12/30/1899 7:03:00,31 00 38 00 36 00 ,,47,0,0,0,0,0,,,0,,,
875.00,2012,6/7/2012 0:00:00,79,12/30/1899 7:28:00,31 00 38 00 36 00 ,,47,0,0,0,0,0,,,0,,,
876.00,2012,6/7/2012 0:00:00,79,12/30/1899 7:51:00,31 00 38 00 36 00 ,,50,0,1,0,1,0,,,0,,,
877.00,2012,6/7/2012 0:00:00,79,12/30/1899 8:12:00,31 00 38 00 36 00 ,,50,1,0,0,1,0,,,0,,,
878.00,2012,6/7/2012 0:00:00,79,12/30/1899 8:29:00,38 00 35 00 36 00 ,,53,0,0,0,0,1,,,0,,,
879.00,2012,6/7/2012 0:00:00,79,12/30/1899 8:47:00,38 00 35 00 36 00 ,,55,0,0,0,0,0,,,0,,,
880.00,2012,6/7/2012 0:00:00,79,12/30/1899 9:05:00,38 00 35 00 36 00 ,,58,0,0,0,0,0,,,0,,,
881.00,2012,6/9/2012 0:00:00,90,12/30/1899 8:51:00,31 00 34 00 39 00 ,,62,0,4,1,2,0,,,0,,,
882.00,2012,6/11/2012 0:00:00,90,12/30/1899 8:31:00,31 00 34 00 39 00 ,,63,0,5,1,0,0,,,0,,,
883.00,2012,6/9/2012 0:00:00,90,12/30/1899 8:12:00,31 00 34 00 39 00 ,,61,0,2,0,3,1,,,0,,,
884.00,2012,6/9/2012 0:00:00,90,12/30/1899 6:21:00,31 00 32 00 36 00 ,,56,0,4,1,2,0,,,0,,,
885.00,2012,6/9/2012 0:00:00,90,12/30/1899 6:03:00,31 00 32 00 36 00 ,,56,0,4,1,0,0,,,0,,,
886.00,2012,6/9/2012 0:00:00,90,12/30/1899 5:47:00,31 00 32 00 36 00 ,,54,0,4,1,1,0,,,0,,,
887.00,2012,6/9/2012 0:00:00,90,12/30/1899 5:30:00,39 00 31 00 36 00 ,,52,0,4,1,1,0,,,0,,,
888.00,2012,6/9/2012 0:00:00,90,12/30/1899 5:14:00,39 00 31 00 36 00 ,,52,0,4,1,0,0,,,0,,,
889.00,2012,6/9/2012 0:00:00,90,12/30/1899 5:00:00,39 00 31 00 36 00 ,,50,0,4,1,0,0,,,1,,,
890.00,2012,6/9/2012 0:00:00,90,12/30/1899 6:57:00,31 00 31 00 36 00 ,,57,0,3,1,0,0,,,0,,,
891.00,2012,6/9/2012 0:00:00,90,12/30/1899 6:38:00,31 00 31 00 36 00 ,,58,1,3,1,1,0,,,0,,,
892.00,2012,6/9/2012 0:00:00,90,12/30/1899 7:18:00,31 00 31 00 36 00 ,,57,1,3,1,0,0,,,0,,,
896.00,2012,6/7/2012 0:00:00,90,12/30/1899 5:00:00,31 00 31 00 39 00 ,,45,2,1,0,0,0,,,0,,,
897.00,2012,6/7/2012 0:00:00,90,12/30/1899 6:13:00,31 00 31 00 39 00 ,,53,2,1,0,0,0,,,0,,,
898.00,2012,6/7/2012 0:00:00,90,12/30/1899 5:16:00,31 00 31 00 38 00 ,,47,2,1,0,1,0,,,0,,,
899.00,2012,6/7/2012 0:00:00,90,12/30/1899 5:32:00,31 00 31 00 38 00 ,,49,2,1,0,0,0,,,0,,,
900.00,2012,6/7/2012 0:00:00,90,12/30/1899 5:51:00,31 00 31 00 38 00 ,,51,2,1,0,1,0,,,0,,,
901.00,2012,6/7/2012 0:00:00,90,12/30/1899 6:27:00,31 00 31 00 39 00 ,,51,2,1,0,0,0,,,0,,,
902.00,2012,6/7/2012 0:00:00,90,12/30/1899 6:46:00,31 00 31 00 39 00 ,,51,2,1,0,0,0,,,0,,,
903.00,2012,6/7/2012 0:00:00,90,12/30/1899 7:16:00,31 00 31 00 39 00 ,,51,2,1,0,0,0,,,0,,,
904.00,2012,6/7/2012 0:00:00,90,12/30/1899 7:31:00,31 00 31 00 39 00 ,,56,3,1,0,2,0,,,0,,,
905.00,2012,6/26/2012 0:00:00,87,12/30/1899 4:57:00,31 00 34 00 35 00 ,,66,0,0,0,0,0,,,0,,,
906.00,2012,6/26/2012 0:00:00,87,12/30/1899 5:19:00,31 00 34 00 35 00 ,,66,0,0,0,0,0,,,0,,,
907.00,2012,6/26/2012 0:00:00,87,12/30/1899 5:43:00,31 00 34 00 35 00 ,,66,0,0,0,0,0,,,0,,,
908.00,2012,6/26/2012 0:00:00,87,12/30/1899 7:12:00,31 00 38 00 36 00 ,,66,1,0,0,0,0,,,0,,,
909.00,2012,6/26/2012 0:00:00,87,12/30/1899 6:50:00,31 00 38 00 36 00 ,,66,1,0,0,1,0,,,0,,,
910.00,2012,6/26/2012 0:00:00,87,12/30/1899 6:23:00,31 00 38 00 36 00 ,,66,1,0,0,0,0,,,0,,,
911.00,2012,6/26/2012 0:00:00,87,12/30/1899 8:42:00,31 00 32 00 35 00 ,,70,1,2,0,0,0,,,0,,,
912.00,2012,6/26/2012 0:00:00,87,12/30/1899 9:05:00,31 00 32 00 35 00 ,,70,1,2,0,0,0,,,0,,,
913.00,2012,6/26/2012 0:00:00,87,12/30/1899 9:30:00,31 00 32 00 35 00 ,,70,1,1,0,1,0,,,0,,,
1700.00,2012,6/11/2012 0:00:00,89,12/30/1899 7:04:00,,,57,0,0,0,1,0,,,0,,,
1701.00,2012,6/11/2012 0:00:00,89,12/30/1899 7:26:00,,,57,2,0,0,1,0,,,0,,,
1702.00,2012,6/11/2012 0:00:00,89,12/30/1899 7:46:00,,,57,2,0,0,0,0,,,0,,,
1703.00,2012,6/11/2012 0:00:00,89,12/30/1899 8:13:00,,,57,2,0,0,0,0,,,0,,,
1704.00,2012,6/11/2012 0:00:00,89,12/30/1899 8:29:00,,,57,2,1,0,2,0,,,0,,,
1705.00,2012,6/11/2012 0:00:00,89,12/30/1899 8:47:00,,,57,2,0,0,2,1,,,0,,,
1706.00,2012,6/11/2012 0:00:00,89,12/30/1899 5:45:00,,,57,0,0,0,1,0,,,0,,,
1707.00,2012,6/11/2012 0:00:00,89,12/30/1899 6:05:00,,,57,0,0,0,0,0,,,0,,,
1708.00,2012,6/11/2012 0:00:00,89,12/30/1899 6:27:00,,,57,0,0,0,0,0,,,0,,,
1709.00,2012,6/6/2012 0:00:00,90,12/30/1899 5:31:00,,,53,1,6,2,1,0,,,0,,,
1710.00,2012,6/6/2012 0:00:00,90,12/30/1899 5:58:00,,,57,0,6,1,1,0,,,0,,,
1711.00,2012,6/6/2012 0:00:00,90,12/30/1899 6:19:00,,,60,0,7,1,0,0,,,0,,,
1712.00,2012,6/6/2012 0:00:00,90,12/30/1899 6:36:00,,,65,2,4,1,0,0,,,0,,,
1713.00,2012,6/6/2012 0:00:00,90,12/30/1899 6:57:00,,,60,0,3,2,1,0,,,0,,,
1714.00,2012,6/6/2012 0:00:00,90,12/30/1899 7:19:00,,,65,2,3,1,0,0,,,0,,,
1715.00,2012,6/6/2012 0:00:00,90,12/30/1899 7:39:00,,,57,1,3,2,0,0,,,0,,,
1716.00,2012,6/6/2012 0:00:00,90,12/30/1899 8:31:00,,,61,1,2,1,0,0,,,0,,,
1717.00,2012,6/6/2012 0:00:00,90,12/30/1899 8:02:00,,,70,0,3,1,0,0,,,0,,,
1718.00,2012,6/6/2012 0:00:00,89,12/30/1899 5:00:00,,,50,1,1,0,1,0,,,0,,,
1719.00,2012,6/6/2012 0:00:00,89,12/30/1899 5:15:00,,,53,0,1,0,0,0,,,0,,,
1720.00,2012,6/6/2012 0:00:00,89,12/30/1899 5:35:00,,,51,1,0,0,0,0,,,0,,,
1721.00,2012,6/6/2012 0:00:00,89,12/30/1899 6:08:00,,,56,0,2,0,0,0,,,0,,,
1722.00,2012,6/6/2012 0:00:00,89,12/30/1899 6:40:00,,,54,0,3,0,3,0,,,0,,,
1723.00,2012,6/6/2012 0:00:00,89,12/30/1899 7:15:00,,,56,1,2,0,0,1,,,0,,,
1724.00,2012,6/6/2012 0:00:00,89,12/30/1899 7:47:00,,,58,0,3,0,1,0,,,0,,,
1725.00,2012,6/6/2012 0:00:00,89,12/30/1899 8:14:00,,,58,1,3,0,0,0,,,0,,,
1726.00,2012,6/6/2012 0:00:00,89,12/30/1899 8:42:00,,,60,1,3,0,0,0,,,0,,,
1727.00,2012,6/6/2012 0:00:00,79,12/30/1899 6:12:00,,,47,0,3,1,0,0,,,0,,,
1728.00,2012,6/6/2012 0:00:00,79,12/30/1899 6:31:00,,,48,0,3,1,0,0,,,0,,,
1729.00,2012,6/6/2012 0:00:00,79,12/30/1899 6:48:00,,,50,0,3,1,0,0,,,0,,,
1730.00,2012,6/6/2012 0:00:00,79,12/30/1899 7:06:00,,,52,0,3,1,2,0,,,0,,,
1731.00,2012,6/6/2012 0:00:00,79,12/30/1899 7:26:00,,,53,0,3,1,1,0,,,0,,,
1732.00,2012,6/6/2012 0:00:00,79,12/30/1899 7:44:00,,,55,0,3,1,0,0,,,0,,,
1733.00,2012,6/6/2012 0:00:00,79,12/30/1899 8:05:00,,,55,1,3,1,1,0,,,0,,,
1734.00,2012,6/6/2012 0:00:00,79,12/30/1899 8:23:00,,,57,1,3,1,1,0,,,0,,,
1735.00,2012,6/6/2012 0:00:00,79,12/30/1899 8:45:00,,,55,2,3,1,0,0,,,0,,,
1736.00,2012,6/7/2012 0:00:00,89,12/30/1899 9:47:00,,,71,1,0,0,0,0,,,0,,,
1737.00,2012,6/7/2012 0:00:00,89,12/30/1899 9:25:00,,,62,1,0,0,0,0,,,0,,,
1738.00,2012,6/7/2012 0:00:00,89,12/30/1899 9:05:00,,,68,0,0,0,1,0,,,0,,,
1739.00,2012,6/7/2012 0:00:00,89,12/30/1899 8:46:00,,,64,0,0,0,1,0,,,0,,,
1740.00,2012,6/7/2012 0:00:00,89,12/30/1899 8:28:00,,,61,0,0,0,0,0,,,0,,,
1741.00,2012,6/7/2012 0:00:00,89,12/30/1899 7:58:00,,,57,0,0,0,0,0,,,0,,,
1742.00,2012,6/7/2012 0:00:00,89,12/30/1899 7:40:00,,,56,0,0,0,2,0,,,0,,,
1743.00,2012,6/7/2012 0:00:00,89,12/30/1899 7:15:00,,,53,0,0,0,0,0,,,0,,,
1744.00,2012,6/7/2012 0:00:00,89,12/30/1899 6:50:00,,,53,0,0,0,2,0,,,0,,,
1745.00,2012,6/7/2012 0:00:00,89,12/30/1899 6:20:00,,,56,0,0,0,0,0,,,0,,,
1746.00,2012,6/7/2012 0:00:00,89,12/30/1899 6:02:00,,,54,0,0,0,0,0,,,0,,,
1747.00,2012,6/7/2012 0:00:00,89,12/30/1899 5:37:00,,,47,0,0,0,0,0,,,0,,,
1749.00,2012,6/7/2012 0:00:00,87,12/30/1899 6:09:00,,,48,1,0,0,0,0,,,0,,,
1750.00,2012,6/7/2012 0:00:00,87,12/30/1899 6:28:00,,,48,1,0,0,1,1,,,0,,,
1751.00,2012,6/7/2012 0:00:00,87,12/30/1899 6:47:00,,,50,1,0,0,1,0,,,0,,,
1752.00,2012,6/7/2012 0:00:00,87,12/30/1899 7:20:00,,,50,1,0,0,0,0,,,0,,,
1753.00,2012,6/7/2012 0:00:00,87,12/30/1899 7:39:00,,,50,1,0,0,1,0,,,0,,,
1754.00,2012,6/7/2012 0:00:00,87,12/30/1899 7:59:00,,,50,1,0,0,2,0,,,0,,,
1755.00,2012,6/7/2012 0:00:00,87,12/30/1899 8:31:00,,,60,1,0,0,0,0,,,0,,,
1756.00,2012,6/7/2012 0:00:00,87,12/30/1899 8:55:00,,,60,1,0,0,0,0,,,0,,,
1757.00,2012,6/7/2012 0:00:00,87,12/30/1899 9:18:00,,,60,1,0,0,1,0,,,0,,,
1758.00,2012,6/8/2012 0:00:00,90,12/30/1899 5:01:00,,,58,0,3,1,0,0,,,0,,,
1759.00,2012,6/8/2012 0:00:00,90,12/30/1899 5:17:00,,,55,0,3,1,1,0,,,0,,,
1760.00,2012,6/8/2012 0:00:00,90,12/30/1899 5:37:00,,,53,0,3,1,0,0,,,0,,,
1761.00,2012,6/8/2012 0:00:00,90,12/30/1899 6:09:00,,,52,0,3,1,0,0,,,0,,,
1762.00,2012,6/8/2012 0:00:00,90,12/30/1899 6:42:00,,,55,0,3,1,0,0,,,0,,,
1763.00,2012,6/8/2012 0:00:00,90,12/30/1899 7:01:00,,,53,0,3,0,0,0,,,0,,,
1764.00,2012,6/8/2012 0:00:00,90,12/30/1899 8:46:00,,,55,0,4,1,1,0,,,0,,,
1765.00,2012,6/8/2012 0:00:00,90,12/30/1899 9:26:00,,,57,0,5,1,0,0,,,0,,,
1766.00,2012,6/8/2012 0:00:00,90,12/30/1899 8:19:00,,,65,0,3,1,2,0,,,0,,,
1767.00,2012,6/9/2012 0:00:00,87,12/30/1899 5:34:00,,,60,1,0,0,3,0,,,0,,,
1768.00,2012,6/9/2012 0:00:00,87,12/30/1899 5:57:00,,,60,1,0,0,2,0,,,0,,,
1769.00,2012,6/9/2012 0:00:00,87,12/30/1899 6:14:00,,,60,0,0,0,2,0,,,0,,,
1773.00,2012,6/9/2012 0:00:00,87,12/30/1899 6:53:00,,,60,0,0,0,1,0,,,0,,,
1774.00,2012,6/9/2012 0:00:00,87,12/30/1899 7:14:00,,,60,0,0,0,0,0,,,0,,,
1775.00,2012,6/9/2012 0:00:00,87,12/30/1899 7:34:00,,,60,0,0,0,1,0,,,0,,,
3003.00,2012,6/7/2012 0:00:00,90,12/30/1899 8:33:00,31 00 31 00 39 00 ,,64,3,0,0,0,0,,,0,,,
3004.00,2012,6/7/2012 0:00:00,90,12/30/1899 7:58:00,31 00 31 00 39 00 ,,59,3,1,0,0,0,,,0,,,
3005.00,2012,6/7/2012 0:00:00,90,12/30/1899 8:16:00,31 00 31 00 39 00 ,,63,3,1,0,0,0,,,0,,,
3006.00,2012,6/20/2012 0:00:00,89,12/30/1899 6:32:00,30 00 33 00 39 00 ,,64,3,3,0,0,0,,,0,,,
3007.00,2012,6/20/2012 0:00:00,89,12/30/1899 6:47:00,39 00 39 00 30 00 ,,64,3,3,0,0,0,31 00 ,,0,,,
3008.00,2012,6/20/2012 0:00:00,89,12/30/1899 7:14:00,39 00 31 00 33 00 ,,65,3,3,0,0,0,,,0,,,
3011.00,2012,6/21/2012 0:00:00,87,12/30/1899 9:20:00,30 00 32 00 39 00 ,,62,3,0,0,0,0,,,0,,,
3012.00,2012,6/21/2012 0:00:00,87,12/30/1899 9:40:00,30 00 32 00 37 00 ,,62,3,1,0,0,0,,,0,,,
3013.00,2012,6/21/2012 0:00:00,87,12/30/1899 10:01:00,30 00 32 00 37 00 ,,62,3,2,0,0,0,,,0,,,
3021.00,2012,6/14/2012 0:00:00,81,12/30/1899 5:06:00,31 00 32 00 36 00 ,,60,4,3,0,0,0,,,0,,,
3022.00,2012,6/14/2012 0:00:00,81,12/30/1899 5:21:00,31 00 32 00 36 00 ,,60,4,3,0,0,0,,,0,,,
3023.00,2012,6/14/2012 0:00:00,81,12/30/1899 5:36:00,31 00 32 00 36 00 ,,60,4,7,0,0,0,,,0,,,
3027.00,2012,6/17/2012 0:00:00,87,12/30/1899 5:58:00,31 00 31 00 36 00 ,,58,3,0,0,0,0,,,0,,,
3028.00,2012,6/17/2012 0:00:00,87,12/30/1899 6:15:00,31 00 31 00 36 00 ,,62,3,1,0,0,0,,,0,,,
3029.00,2012,6/17/2012 0:00:00,87,12/30/1899 6:37:00,31 00 31 00 36 00 ,,60,3,1,0,0,0,,,0,,,
-132.00,2012,6/30/2012 0:00:00,79,12/30/1899 6:59:00,39 00 31 00 36 00 ,,58,2,1,0,0,0,,,0,,,
-131.00,2012,6/30/2012 0:00:00,79,12/30/1899 6:42:00,39 00 31 00 37 00 ,,53,1,1,0,0,0,,,0,,,
-130.00,2012,6/30/2012 0:00:00,79,12/30/1899 6:24:00,39 00 31 00 36 00 ,,53,0,1,0,0,0,,,0,,,
1.00,2012,6/28/2012 0:00:00,92,12/30/1899 8:16:00,30 00 32 00 39 00 ,,64,0,1,2,1,0,,,0,,,
2.00,2012,6/28/2012 0:00:00,92,12/30/1899 8:36:00,30 00 32 00 39 00 ,,66,0,1,2,1,0,,,0,,,
3.00,2012,6/28/2012 0:00:00,92,12/30/1899 5:47:00,39 00 39 00 30 00 ,,60,0,1,2,0,0,31 00 ,,0,,,
