"site","x_coord","y_coord"
239.00,389302.84,5280007.00
236.00,390066.37,5279175.00
235.00,390003.12,5279364.00
234.00,389967.62,5279533.50
238.00,389707.06,5279593.50
300.00,388538.93,5280155.50
299.00,388399.96,5280057.00
298.00,388371.53,5280181.50
297.00,388125.12,5280277.50
296.00,388105.78,5280118.00
295.00,387972.31,5280226.50
257.00,406991.65,5264393.50
258.00,407080.31,5264540.50
259.00,407242.87,5264594.50
261.00,406589.12,5264007.50
266.00,408066.68,5262636.00
267.00,408149.03,5262494.00
268.00,408216.21,5262305.00
245.00,408390.56,5264963.00
246.00,408360.25,5264689.50
247.00,408422.28,5264528.00
248.00,408555.15,5264409.50
249.00,408735.46,5264390.00
250.00,408979.28,5264335.00
255.00,408762.53,5264949.50
256.00,408578.12,5265007.00
304.00,395820.59,5258540.50
305.00,395889.96,5258394.00
306.00,396045.25,5258186.50
307.00,396131.25,5258028.00
308.00,396204.71,5257898.00
309.00,396305.21,5257812.00
311.00,396572.81,5257718.50
310.00,396457.50,5257792.50
312.00,396569.46,5257550.00
313.00,396723.25,5257391.50
314.00,396799.03,5257019.00
315.00,396746.18,5256864.50
325.00,394625.03,5256732.50
326.00,394730.53,5256824.00
327.00,394836.93,5256741.00
318.00,397171.90,5256918.50
317.00,397443.06,5257028.50
207.00,395845.43,5252843.00
206.00,395908.96,5253050.50
208.00,395724.84,5252694.50
209.00,395834.65,5252513.50
210.00,395864.75,5252382.50
211.00,396080.00,5252342.00
218.00,397391.90,5252756.50
219.00,397430.87,5252553.50
203.00,398098.43,5251982.00
204.00,398254.87,5251957.00
205.00,398405.53,5251960.00
202.00,398109.12,5251690.00
201.00,398140.34,5251516.00
200.00,398004.34,5251436.00
194.00,398276.96,5251448.50
195.00,398223.84,5251306.00
196.00,398264.50,5251067.50
197.00,398150.96,5251133.50
198.00,398078.03,5251220.00
199.00,397968.50,5251316.00
82.00,383760.65,5238229.50
83.00,383571.90,5238091.00
84.00,383615.96,5237703.50
85.00,382852.43,5232843.00
86.00,382690.56,5232784.00
87.00,382679.50,5232591.00
88.00,382849.18,5232429.50
89.00,383004.81,5232519.50
90.00,383075.65,5232605.50
109.00,381356.81,5225465.50
110.00,381512.84,5225565.50
113.00,381855.09,5226213.50
112.00,381880.87,5225759.00
114.00,381386.03,5226091.00
115.00,381219.43,5226145.50
116.00,380691.21,5225898.00
117.00,380792.40,5225778.50
108.00,381497.09,5225262.50
100.00,382044.03,5226957.00
101.00,381993.68,5227124.00
94.00,380910.84,5226892.50
96.00,381162.00,5227007.50
363.00,427893.25,5279028.50
361.00,427962.78,5278794.50
362.00,428070.65,5278693.50
358.00,428106.56,5279574.50
359.00,427917.50,5279554.00
360.00,427865.65,5279286.00
364.00,427662.53,5279243.00
365.00,427601.78,5279067.00
356.00,426800.15,5279740.00
357.00,426531.93,5279886.50
355.00,427032.87,5279597.00
331.00,414698.65,5265239.00
332.00,414494.71,5265411.50
333.00,414701.00,5265442.50
334.00,414455.09,5266223.50
335.00,414579.43,5266314.50
339.00,414418.84,5266325.00
338.00,414517.62,5266383.50
336.00,414719.37,5266376.50
337.00,414648.96,5266441.00
330.00,415187.00,5265803.50
329.00,415178.28,5265666.00
328.00,415197.90,5265533.00
175.00,416453.50,5264320.50
174.00,416493.09,5264122.50
173.00,416587.78,5263995.50
179.00,415191.34,5263888.00
181.00,415396.68,5263345.50
180.00,415218.50,5263574.00
176.00,416968.50,5263797.50
177.00,416944.18,5263651.00
178.00,416917.37,5263523.50
172.00,416653.03,5264622.50
171.00,416898.12,5264548.00
170.00,416885.87,5264262.00
371.00,422893.90,5240536.50
373.00,422869.21,5240329.50
367.00,422030.18,5241837.50
290.00,421888.34,5241829.00
291.00,421780.00,5241818.50
906.00,435029.93,5209468.50
911.00,437673.56,5209608.50
912.00,437797.28,5209802.00
158.00,418424.59,5267034.00
159.00,418264.87,5266923.50
160.00,418071.50,5266756.00
161.00,418869.25,5265899.50
162.00,418953.06,5265772.50
163.00,419083.09,5265592.00
155.00,418726.18,5267331.50
156.00,418612.81,5267487.50
157.00,418517.37,5267592.50
164.00,419080.90,5267507.00
165.00,418892.12,5267769.00
166.00,419083.93,5267847.00
169.00,418635.90,5268111.00
168.00,418448.53,5268339.50
167.00,418534.37,5268217.50
16.00,453376.71,5277238.00
17.00,453108.43,5277203.50
18.00,452854.93,5277250.50
13.00,453761.28,5278303.50
14.00,453949.00,5278341.50
10.00,443049.68,5269188.00
12.00,443503.21,5269085.50
192.00,381501.75,5222334.50
193.00,381436.43,5222141.00
184.00,382708.84,5222513.50
183.00,382718.59,5222327.50
182.00,382627.09,5222385.50
79.00,382711.78,5220307.00
77.00,382067.53,5220757.00
64.00,385599.46,5215326.00
66.00,385481.18,5215427.00
65.00,385392.46,5215284.50
67.00,384627.84,5214414.00
69.00,384628.75,5214110.50
68.00,384639.34,5214259.50
70.00,384438.18,5214157.50
71.00,384442.81,5214331.50
61.00,384612.56,5216275.00
62.00,384766.09,5216148.00
63.00,384977.84,5216124.50
30.00,375512.12,5219224.50
29.00,375659.31,5219050.50
28.00,375787.09,5218881.50
130.00,375070.43,5218820.00
131.00,374975.40,5218673.50
34.00,374401.75,5218985.00
35.00,374368.46,5218893.00
36.00,374286.68,5218812.50
37.00,374526.18,5219139.50
38.00,374560.06,5219265.00
39.00,374608.25,5219411.00
121.00,397705.34,5207868.50
122.00,397901.71,5207878.50
123.00,398029.46,5207908.00
119.00,397508.00,5208369.00
120.00,397660.34,5208149.00
60.00,383042.93,5207602.50
55.00,383161.53,5207703.00
41.00,379075.21,5208996.00
42.00,379152.06,5208897.50
43.00,379118.59,5208781.00
392.00,416258.68,5221988.00
393.00,416294.15,5221738.00
394.00,416277.53,5221547.50
399.00,416478.87,5221990.00
400.00,416716.15,5221990.00
397.00,416716.68,5221746.00
398.00,416493.09,5221728.00
396.00,416719.15,5221541.00
395.00,416514.46,5221550.50
141.00,427521.59,5209736.00
140.00,427364.65,5209801.50
139.00,427233.90,5209742.50
271.00,443866.00,5261395.50
269.00,444034.71,5261419.00
270.00,443964.06,5261529.00
272.00,444879.62,5262997.50
273.00,444866.59,5263155.00
274.00,444647.65,5263148.00
275.00,444226.06,5263159.50
276.00,443913.84,5263148.00
277.00,443918.71,5263414.00
278.00,443912.09,5263619.00
280.00,444064.15,5263982.00
279.00,443932.43,5263822.50
354.00,423138.87,5270321.00
353.00,423232.53,5270244.00
352.00,423364.75,5270167.00
72.00,384243.65,5214444.50
81.00,382805.43,5220204.00
78.00,382335.28,5220469.50
316.00,397798.84,5257256.00
449.00,602598.43,5284971.50
450.00,602735.43,5285134.00
451.00,602788.56,5285349.00
455.00,604511.12,5284384.50
456.00,604293.00,5284278.00
457.00,604080.50,5284172.00
458.00,604390.87,5284077.00
459.00,604645.37,5284183.00
460.00,604855.06,5284328.50
463.00,605708.25,5284613.00
461.00,605348.18,5284384.00
462.00,605638.68,5284375.50
464.00,606547.06,5284535.00
465.00,606367.00,5284363.50
466.00,606608.43,5284322.50
470.00,607598.56,5284564.00
471.00,607844.06,5284547.50
441.00,604639.56,5287634.00
442.00,604633.56,5287860.00
443.00,604495.06,5287429.50
444.00,604184.93,5287411.50
447.00,603319.50,5286458.00
446.00,603487.31,5286631.00
448.00,603363.25,5286239.50
809.00,604953.62,5291906.50
810.00,604857.06,5292144.00
812.00,604905.37,5292448.50
813.00,604931.31,5292708.50
814.00,605224.68,5292586.00
817.00,605362.06,5292218.50
815.00,605625.75,5292214.50
816.00,605529.18,5292441.00
483.00,593935.75,5283071.00
482.00,594164.12,5283238.50
481.00,594202.18,5284129.00
480.00,594453.37,5284182.50
479.00,594719.81,5284243.50
473.00,597605.12,5284989.50
474.00,597765.00,5285119.00
475.00,597871.56,5285256.00
805.00,598879.62,5287860.00
806.00,598079.50,5286905.00
804.00,598893.75,5287639.00
803.00,598865.50,5287366.00
489.00,591219.06,5287676.50
487.00,591357.31,5287371.00
485.00,591663.06,5287756.00
494.00,591202.31,5287123.50
495.00,591231.62,5286927.00
496.00,591219.06,5286684.00
492.00,590971.93,5287111.00
493.00,590837.93,5286960.50
502.00,588203.50,5283248.50
497.00,589671.18,5284200.50
498.00,589886.87,5284255.50
499.00,590102.56,5284204.50
830.00,595828.00,5292307.50
831.00,595625.56,5292215.50
832.00,595533.50,5292007.00
821.00,596889.43,5292841.50
822.00,596828.06,5292571.50
823.00,596956.93,5292356.50
825.00,596711.50,5293037.50
824.00,596582.68,5292798.50
826.00,596509.06,5292528.50
535.00,675894.31,5295198.50
534.00,675679.06,5295094.00
533.00,675539.43,5294946.50
530.00,675284.50,5294992.50
532.00,675149.12,5295168.50
531.00,675331.87,5295338.00
542.00,671632.06,5291226.50
547.00,671941.56,5291164.00
545.00,672115.43,5291021.50
546.00,672226.68,5290830.00
548.00,672184.93,5290625.00
549.00,672077.18,5290423.50
550.00,671812.87,5290423.50
551.00,671812.87,5290201.00
552.00,671819.81,5289975.00
553.00,672084.12,5289975.00
846.00,651648.12,5295603.50
856.00,651509.93,5295404.50
855.00,651300.00,5295183.50
854.00,651432.62,5294990.50
853.00,651708.87,5295018.00
852.00,651747.56,5294786.00
851.00,651813.87,5294570.50
850.00,652045.93,5294548.00
849.00,652045.93,5294752.50
848.00,652029.37,5294957.00
847.00,651929.93,5295178.00
555.00,655984.75,5289971.00
565.00,655104.18,5288456.00
562.00,654908.12,5288916.00
558.00,654804.68,5289568.50
561.00,654808.25,5289882.00
560.00,654915.25,5290085.00
559.00,655057.81,5289864.00
889.00,659806.00,5285967.00
888.00,660051.68,5285962.50
887.00,660292.68,5285934.50
886.00,660529.06,5285888.50
884.00,660969.43,5285703.00
883.00,661368.00,5285828.00
882.00,661395.81,5285652.00
881.00,661400.50,5285457.50
844.00,644540.56,5287029.00
843.00,644532.81,5286793.50
842.00,644370.56,5286616.00
791.00,611043.87,5314049.50
537.00,676089.81,5295463.50
536.00,676305.93,5295263.50
538.00,676427.75,5295507.50
539.00,676239.50,5295691.00
540.00,676472.18,5295804.50
541.00,676253.06,5295948.00
544.00,671250.06,5290942.50
543.00,671349.87,5291168.50
885.00,660774.68,5285864.00
890.00,660092.50,5285546.00
891.00,660291.68,5285397.50
892.00,660450.37,5285246.00
866.00,658265.12,5280316.50
867.00,658465.93,5280525.50
868.00,658087.37,5280562.00
864.00,658126.31,5281836.00
863.00,657959.18,5281650.00
563.00,654720.37,5288662.00
564.00,654913.87,5288574.50
557.00,654973.43,5289363.00
556.00,656181.81,5289903.50
554.00,656187.93,5290137.00
845.00,651543.25,5295825.50
836.00,645236.93,5285295.00
837.00,645059.43,5285395.00
835.00,645731.93,5285680.00
402.00,657036.12,5272629.00
403.00,656867.43,5272798.00
529.00,649644.12,5274839.00
528.00,649842.43,5274800.50
521.00,648333.00,5274599.50
432.00,617649.50,5271904.00
434.00,618144.50,5271965.50
413.00,629892.43,5289277.00
452.00,603314.68,5284608.00
453.00,603199.50,5284432.00
454.00,603196.68,5284160.50
468.00,606993.06,5284502.50
467.00,606831.06,5284643.00
469.00,607213.12,5284462.50
472.00,608063.37,5284672.00
437.00,605335.06,5288033.00
438.00,605199.25,5287862.50
439.00,605048.75,5287712.00
440.00,604855.18,5287604.00
445.00,603982.43,5287273.00
819.00,605769.31,5293198.50
820.00,605481.75,5293120.50
818.00,605829.25,5292968.00
484.00,594243.93,5283682.00
476.00,598025.37,5285442.50
478.00,598466.93,5285601.50
477.00,598219.18,5285534.50
827.00,596094.00,5292183.50
828.00,595987.81,5292482.00
829.00,596090.81,5292661.50
490.00,591033.43,5287291.00
486.00,591495.50,5287580.00
491.00,590660.56,5286780.00
488.00,591161.81,5287478.00
501.00,588352.12,5283399.50
500.00,588515.81,5283524.50
503.00,588855.62,5282853.50
504.00,589075.93,5282852.50
506.00,589556.62,5282865.00
507.00,589727.62,5282687.50
508.00,589506.43,5282592.00
505.00,589315.50,5282848.50
515.00,600818.37,5311621.50
517.00,600400.87,5311320.50
516.00,600620.18,5311447.50
902.00,635177.75,5270796.50
904.00,635052.43,5271356.50
415.00,630124.87,5289841.50
416.00,630337.37,5289746.00
418.00,630458.37,5289558.00
807.00,598295.12,5287002.50
808.00,598469.12,5287032.50
797.00,599105.25,5288843.50
802.00,599325.81,5289601.50
801.00,599279.68,5289385.50
800.00,599224.18,5289146.50
799.00,599086.75,5288623.50
798.00,599362.06,5288974.50
788.00,611435.93,5314964.00
789.00,611630.43,5314866.50
790.00,611877.37,5314829.50
794.00,612124.31,5314754.50
795.00,612401.18,5314724.50
796.00,612670.56,5314799.50
575.00,554908.37,5331172.00
576.00,554695.56,5331151.00
577.00,554847.56,5331357.50
566.00,552564.25,5330689.00
567.00,552701.06,5330859.00
568.00,552780.12,5330652.50
569.00,553561.50,5330512.50
570.00,553546.31,5330758.50
572.00,553123.68,5330859.00
571.00,553330.43,5330807.50
573.00,553184.50,5330667.50
574.00,553260.50,5330460.50
680.00,551294.81,5331365.50
681.00,551370.81,5331569.00
682.00,551509.25,5331740.00
683.00,551712.75,5331816.00
684.00,551794.18,5332016.50
685.00,551802.31,5332236.50
679.00,550781.87,5331539.00
678.00,550564.81,5331563.50
677.00,550540.37,5331778.00
676.00,550752.06,5331789.00
675.00,550925.75,5331661.00
674.00,551042.43,5331468.50
578.00,548369.43,5330430.50
579.00,548591.18,5330425.50
580.00,548808.37,5330439.50
583.00,547888.93,5331257.50
582.00,547944.37,5331026.50
581.00,548069.12,5330823.00
586.00,546248.43,5332889.00
585.00,546463.56,5332829.50
584.00,546682.62,5332837.50
589.00,544235.81,5333179.50
588.00,544471.93,5333222.50
587.00,544838.00,5333240.00
710.00,547388.87,5330032.50
711.00,547551.81,5329945.00
712.00,547756.93,5329970.50
713.00,547762.56,5329762.50
714.00,547852.50,5329588.50
715.00,548001.37,5329450.50
720.00,546775.06,5329150.50
721.00,546915.87,5328996.00
719.00,546611.43,5329337.00
717.00,546412.56,5329267.00
718.00,546282.31,5329094.50
646.00,547092.81,5327008.50
645.00,547263.68,5326905.00
644.00,547458.62,5326866.00
650.00,547830.37,5326904.50
651.00,547869.18,5327109.00
652.00,547891.12,5327309.50
641.00,548593.06,5326864.00
642.00,548577.87,5327066.50
643.00,548613.31,5327274.00
639.00,548803.93,5327031.00
638.00,548959.18,5327190.00
626.00,549557.00,5327558.00
627.00,549790.75,5327591.00
628.00,549692.56,5327390.00
630.00,550174.06,5326838.00
631.00,549968.37,5326796.00
632.00,549851.50,5326964.50
629.00,549108.31,5326053.00
633.00,549173.75,5326282.00
634.00,549276.56,5326478.50
635.00,549585.06,5325973.50
636.00,549599.06,5326193.00
637.00,549589.75,5326408.00
599.00,541433.87,5333721.50
600.00,541219.12,5333684.00
601.00,541001.93,5333640.00
591.00,543824.62,5333230.50
592.00,543634.56,5333174.50
590.00,544033.81,5333195.00
595.00,541539.00,5332827.00
594.00,541721.12,5333014.00
593.00,541959.25,5333168.00
596.00,542239.43,5332995.50
597.00,542407.56,5333159.00
598.00,542575.68,5333266.00
696.00,540770.50,5334612.00
695.00,540622.31,5334729.50
697.00,540664.87,5334927.50
694.00,540933.37,5334172.00
693.00,541141.68,5334098.50
692.00,541393.25,5334116.50
686.00,541810.06,5335034.00
687.00,541810.06,5334824.00
688.00,541849.00,5334623.00
689.00,541945.00,5334449.00
690.00,542007.93,5334257.50
691.00,542067.93,5334047.50
613.00,540769.56,5337397.50
603.00,541480.18,5337679.50
602.00,541411.50,5337885.50
604.00,541267.00,5337705.50
607.00,541428.06,5337247.50
606.00,541586.81,5337429.50
605.00,541384.31,5337525.50
609.00,540998.31,5337371.00
608.00,541201.81,5337374.00
610.00,539619.75,5337566.00
611.00,539616.18,5337346.50
612.00,539619.75,5337130.00
709.00,542138.00,5344109.50
708.00,541929.37,5344043.00
706.00,541193.43,5343938.50
705.00,541080.43,5344098.00
704.00,540964.56,5344283.50
700.00,540892.12,5344480.50
699.00,540666.12,5344480.50
698.00,540454.62,5344474.50
701.00,540654.56,5344692.00
702.00,540805.18,5344842.50
703.00,540955.87,5344692.00
707.00,541749.75,5343953.00
770.00,531764.87,5345824.00
771.00,531555.06,5345828.50
772.00,531349.68,5345828.50
773.00,530630.93,5345462.50
774.00,530684.50,5345275.00
775.00,530689.00,5345074.00
778.00,528935.12,5346835.00
776.00,529154.68,5346747.50
777.00,529273.25,5346563.00
779.00,527229.25,5346568.00
780.00,527034.75,5346462.00
781.00,526827.00,5346448.50
760.00,500276.00,5340905.00
758.00,500487.28,5340730.00
759.00,500705.84,5340715.50
761.00,500283.28,5340402.50
762.00,500385.28,5340213.00
763.00,500596.56,5340286.00
764.00,500742.25,5339674.00
765.00,500531.00,5339623.00
766.00,500319.71,5339615.50
769.00,500785.96,5339105.50
768.00,500589.28,5339011.00
767.00,500392.56,5338916.00
647.00,547621.12,5323779.50
648.00,547798.56,5323882.00
649.00,547969.18,5324005.00
653.00,547675.75,5324005.00
654.00,547559.75,5324182.50
655.00,547348.18,5324189.00
656.00,547163.93,5324278.00
657.00,546972.81,5324175.50
658.00,546761.25,5324107.00
660.00,545341.75,5323138.00
661.00,545410.00,5322906.00
659.00,545594.25,5323029.00
749.00,509680.84,5344143.00
750.00,509458.46,5344152.50
751.00,509255.00,5344157.50
752.00,509359.09,5343939.50
753.00,509363.84,5343722.00
754.00,509368.56,5343504.50
755.00,509212.43,5343069.00
756.00,509188.78,5342856.00
757.00,509396.96,5342913.00
736.00,502662.65,5345231.00
735.00,502723.28,5345033.00
734.00,502822.46,5344840.00
737.00,503020.87,5344630.50
738.00,503224.78,5344713.00
739.00,503340.50,5344900.50
740.00,503075.96,5344344.00
741.00,503026.37,5344184.00
742.00,502850.03,5344256.00
733.00,504756.81,5343627.50
731.00,504541.87,5343655.00
732.00,504563.93,5343456.50
729.00,503533.37,5342988.00
730.00,503318.46,5343043.50
728.00,503527.87,5343203.00
727.00,504029.37,5343357.50
726.00,503814.43,5343368.50
725.00,503842.00,5343567.00
723.00,503974.25,5343743.00
724.00,504012.84,5343952.50
722.00,503770.34,5343743.00
743.00,503384.59,5343743.00
744.00,503219.25,5343616.50
745.00,503053.93,5343484.00
746.00,509535.12,5344515.00
747.00,509771.75,5344510.50
748.00,509728.15,5344323.00
640.00,548795.31,5326833.00
3006.00,547491.31,5331736.50
3007.00,547289.93,5331637.00
3008.00,547478.56,5331522.50
3027.00,503063.21,5345019.50
3028.00,503058.09,5345232.00
3029.00,503052.96,5345455.00
3021.00,573571.93,5327109.50
3022.00,573555.75,5326915.00
3023.00,573555.75,5326704.50
3011.00,526796.62,5345523.00
3012.00,526796.62,5345741.50
3013.00,527017.75,5345733.00
1689.00,550599.37,5146793.00
1688.00,550799.06,5146779.50
1687.00,550766.00,5146566.50
1686.00,550559.75,5146559.00
987.00,550454.43,5146063.00
988.00,550639.81,5145964.50
989.00,550890.25,5145988.50
1503.00,548638.56,5142791.00
1504.00,548513.25,5142460.50
1694.00,548359.00,5142239.50
1695.00,548525.75,5142088.50
1696.00,548501.62,5141904.00
1697.00,548317.93,5141763.50
1699.00,548269.31,5141521.50
1501.00,548843.12,5143248.00
990.00,549090.37,5143486.00
991.00,549248.62,5143662.00
992.00,549351.18,5143797.00
1432.00,540357.56,5105088.00
1433.00,540280.37,5105276.00
1434.00,540072.06,5105213.00
1428.00,541215.06,5105113.00
1429.00,541220.25,5105369.00
1430.00,540985.18,5105385.50
1431.00,540953.68,5105140.50
1678.00,542939.18,5101232.00
1679.00,543110.87,5101069.50
1680.00,543236.50,5100891.50
1681.00,543281.75,5100644.00
1683.00,542960.81,5100848.00
1446.00,537856.00,5106543.00
1442.00,537312.37,5106468.50
1443.00,537108.87,5106500.50
1444.00,537390.00,5106264.00
1445.00,537159.93,5106250.00
1424.00,540940.75,5103969.00
1425.00,540895.87,5103764.00
1426.00,540768.93,5103845.50
1427.00,540808.43,5103581.00
1435.00,540089.93,5105043.00
1677.00,542297.87,5101943.50
1676.00,542236.31,5102220.00
1436.00,540398.81,5108054.50
1437.00,540461.37,5107844.50
1438.00,540701.31,5107838.00
1439.00,540955.18,5107839.00
1440.00,541120.37,5107961.50
1441.00,541166.62,5108317.50
1493.00,455468.21,5088782.50
1494.00,455676.53,5088754.00
1490.00,458298.46,5088706.50
1489.00,457680.31,5088509.00
1488.00,457895.12,5088477.50
1480.00,461489.84,5081052.50
1479.00,461530.31,5080831.00
1477.00,461610.87,5080552.00
1478.00,461397.15,5080569.00
1474.00,461126.46,5080627.50
1471.00,460549.34,5077320.00
1481.00,460365.56,5077319.00
1227.00,460932.96,5094959.00
1229.00,460442.21,5095161.50
1230.00,460402.37,5094934.00
1231.00,460589.00,5094838.50
1232.00,460606.93,5094986.00
1233.00,462452.06,5094951.00
1234.00,462372.53,5094778.50
1235.00,462183.03,5094595.00
1236.00,461946.53,5094544.00
1237.00,461795.43,5094712.50
1238.00,461610.46,5094777.50
1482.00,454212.00,5088813.50
1486.00,455045.37,5089295.00
1472.00,461315.96,5081198.00
1667.00,457392.46,5099342.00
1223.00,456709.15,5100610.00
1483.00,454414.56,5088878.50
1484.00,454671.25,5088951.50
1485.00,454823.81,5089169.50
1487.00,455294.65,5089485.50
1473.00,461298.71,5081095.00
1475.00,461331.28,5080873.00
1476.00,461170.87,5080802.50
1668.00,457396.93,5099555.50
1669.00,457585.18,5099666.00
1670.00,457730.37,5100028.00
1672.00,457540.87,5100117.50
1671.00,457360.40,5100126.00
1224.00,456625.00,5100811.00
1226.00,456361.09,5100764.00
1209.00,518335.93,5077650.00
1210.00,518496.46,5077739.00
1211.00,518678.68,5077858.50
1212.00,518776.09,5077762.00
1213.00,518703.09,5077662.00
1214.00,518494.46,5077547.50
1215.00,518401.43,5077379.00
1216.00,518356.59,5076949.50
1217.00,518539.40,5076897.50
1218.00,518774.78,5076827.50
1220.00,513599.18,5078682.00
1219.00,513664.59,5078462.00
8012.00,521164.25,5088290.50
8013.00,521275.43,5088548.00
8014.00,521404.00,5088355.50
8015.00,525337.18,5088985.00
8016.00,525443.87,5088813.00
8017.00,525585.81,5088538.00
8018.00,533018.06,5089529.00
8019.00,534013.50,5091656.50
8020.00,534272.06,5091903.00
8000.00,549673.25,5168197.00
8001.00,549608.62,5168251.50
8007.00,552116.43,5165390.50
8008.00,551867.00,5165585.50
8009.00,550581.87,5165254.00
8010.00,550609.25,5165604.00
8011.00,550550.50,5165868.50
8002.00,549740.93,5168343.00
8003.00,554050.50,5166932.50
8004.00,553963.87,5167040.50
8005.00,553877.87,5167222.00
8006.00,552372.06,5165295.50
1242.00,517094.09,5175828.00
1243.00,517095.65,5176089.50
1244.00,517089.34,5176420.00
1239.00,517904.06,5175532.50
1240.00,517848.59,5175294.00
1241.00,517887.75,5175031.50
1465.00,516185.37,5164578.00
1464.00,516169.65,5164734.00
1463.00,516310.43,5165157.50
1462.00,516463.15,5165155.00
1459.00,517079.68,5165231.00
1468.00,517379.21,5165175.50
1247.00,514573.40,5175837.00
1245.00,514587.34,5175634.50
1246.00,514326.40,5175578.00
1447.00,506785.81,5175801.00
1448.00,506478.59,5175816.00
1449.00,506276.09,5175744.00
1450.00,505899.31,5175716.00
1451.00,505239.81,5175455.00
1452.00,504930.40,5175547.00
1453.00,504576.00,5175692.00
1457.00,504451.81,5175506.00
1458.00,504143.09,5175638.00
1454.00,504428.31,5175884.00
1455.00,504335.40,5176062.00
1456.00,504178.81,5176081.00
1685.00,550348.50,5146560.50
1690.00,550413.18,5146819.00
1698.00,548223.50,5141649.00
1675.00,542402.37,5102474.50
1673.00,542646.50,5102771.00
8023.00,535331.37,5092116.00
8021.00,534878.06,5092120.50
8022.00,535104.62,5092116.00
1221.00,457161.18,5100211.00
1222.00,456926.43,5100361.50
1225.00,456507.00,5100865.50
1228.00,460569.90,5095357.00
1491.00,458444.06,5088861.50
1251.00,512523.31,5095196.00
1252.00,512403.68,5095479.00
1253.00,512096.31,5095652.00
1255.00,511542.62,5096567.00
1254.00,511660.56,5096320.50
1256.00,511282.75,5096721.00
1257.00,511116.31,5097052.50
1258.00,511007.65,5097221.50
1259.00,510947.46,5097443.50
8026.00,511884.31,5096718.00
1262.00,512095.18,5096152.50
1261.00,512007.31,5096366.50
1260.00,511981.75,5096564.50
8024.00,511636.65,5096929.00
8025.00,511842.75,5096836.00
132.00,374961.78,5218503.00
31.00,379107.46,5206111.00
32.00,379065.87,5205876.50
33.00,379105.28,5205673.00
40.00,380146.62,5208629.50
44.00,379842.56,5208326.00
45.00,379991.09,5208278.00
46.00,378865.25,5208625.00
47.00,378738.68,5208794.50
48.00,378672.59,5208544.50
91.00,383642.84,5232719.50
92.00,383809.59,5232797.00
93.00,383991.84,5232871.50
319.00,393790.06,5256158.50
320.00,393998.62,5256245.50
321.00,393953.53,5256484.00
322.00,393810.15,5256637.50
323.00,394001.62,5256712.50
324.00,394134.03,5256588.50
95.00,380958.90,5227031.50
97.00,381274.28,5226940.00
98.00,381455.25,5226899.50
99.00,381560.78,5227027.50
102.00,382122.31,5227369.50
103.00,382084.59,5226622.00
104.00,382049.34,5226532.50
105.00,382016.84,5226436.50
106.00,381124.18,5225079.50
107.00,381321.62,5225123.00
111.00,381670.43,5225637.50
73.00,382384.75,5220665.00
74.00,382398.28,5220835.00
75.00,382211.03,5221106.50
76.00,382134.59,5220893.00
80.00,382616.40,5220130.00
133.00,381794.65,5220519.50
134.00,381794.18,5220353.50
135.00,381690.56,5220407.50
25.00,445323.34,5263470.00
26.00,445179.65,5263136.50
27.00,445232.65,5263298.50
281.00,446640.25,5263128.50
282.00,446722.46,5263327.50
283.00,446439.28,5263025.50
284.00,446525.81,5262928.00
285.00,446671.93,5262925.50
286.00,446835.62,5262908.00
287.00,446734.62,5262564.50
288.00,446602.56,5262543.00
289.00,446375.65,5262576.00
389.00,416576.12,5222333.50
390.00,416401.18,5222361.00
391.00,416293.62,5222179.50
143.00,420321.40,5214706.50
144.00,420275.59,5214904.00
145.00,419498.28,5215054.00
146.00,419668.18,5214938.00
147.00,419506.37,5215224.00
148.00,420324.18,5215103.00
149.00,419489.90,5216156.50
150.00,419714.93,5216160.00
151.00,419649.50,5215956.50
152.00,419507.09,5217013.50
153.00,419809.28,5217008.50
154.00,420020.59,5216888.00
212.00,396294.93,5252321.00
213.00,396483.00,5252319.50
214.00,396674.37,5252319.50
215.00,396906.65,5252322.50
216.00,397128.65,5252382.50
217.00,397144.84,5252581.00
220.00,397608.75,5252366.50
221.00,397472.68,5252153.50
222.00,397415.81,5252033.00
223.00,397434.06,5251849.00
224.00,397990.37,5251824.50
225.00,397970.75,5251607.50
226.00,397703.87,5251580.00
227.00,397561.65,5251566.50
228.00,397397.21,5251555.00
229.00,397555.06,5251402.50
368.00,423694.84,5241245.50
369.00,423611.59,5241027.00
370.00,423470.03,5240822.50
372.00,422554.18,5240387.50
374.00,422359.12,5240507.50
375.00,422223.18,5240564.00
376.00,422239.81,5240368.50
15.00,453996.43,5278086.00
19.00,452271.75,5277182.50
20.00,452056.93,5277542.00
21.00,451988.90,5277761.50
22.00,454862.50,5277090.50
23.00,455204.50,5277149.00
24.00,455508.68,5277190.50
136.00,427086.50,5210705.50
137.00,427075.90,5210518.00
138.00,426998.59,5210374.50
377.00,418997.37,5205125.50
378.00,419183.15,5205126.00
379.00,419363.37,5205132.00
380.00,419524.46,5205211.50
381.00,419673.15,5205357.50
382.00,419488.71,5205518.50
383.00,419328.68,5205598.00
384.00,419242.31,5205736.50
385.00,419126.46,5205836.50
386.00,419005.12,5206018.50
387.00,418779.21,5206013.00
388.00,418566.43,5205895.00
905.00,435106.06,5209264.00
907.00,434899.71,5209624.00
908.00,434796.50,5210335.00
909.00,434583.90,5210492.50
910.00,434583.71,5210257.00
913.00,437927.62,5210000.50
914.00,438716.28,5209559.00
915.00,438611.37,5209645.50
916.00,438611.90,5209922.50
260.00,406738.31,5263719.50
262.00,406804.09,5264017.00
263.00,407758.00,5263171.00
264.00,407782.56,5262944.50
265.00,408023.06,5262941.50
251.00,408966.00,5264551.50
252.00,408768.78,5264702.00
253.00,408996.18,5264723.50
254.00,408990.68,5264929.50
346.00,420591.59,5271274.50
347.00,420725.68,5271254.50
348.00,420748.87,5271350.50
349.00,421341.46,5271452.00
350.00,421510.03,5271351.00
351.00,421673.65,5271241.00
340.00,419336.84,5272095.50
341.00,419308.00,5271903.50
342.00,419310.50,5271705.00
343.00,419435.40,5271457.00
344.00,419362.62,5271298.00
345.00,419301.96,5271106.00
366.00,427466.75,5279007.50
230.00,391554.09,5279118.50
231.00,391341.37,5279150.50
232.00,391665.50,5279271.00
233.00,389712.03,5279177.00
237.00,389634.21,5279364.00
242.00,387492.06,5279471.00
243.00,387644.75,5279391.50
244.00,387647.56,5279569.00
292.00,387657.78,5280153.00
293.00,387763.46,5280268.50
294.00,387698.75,5280437.50
1.00,442005.59,5270269.50
2.00,442175.50,5270380.50
3.00,442352.68,5270440.50
4.00,442582.62,5270552.50
5.00,442430.53,5270221.00
6.00,442500.53,5270001.50
7.00,442561.25,5269824.50
8.00,442144.00,5269696.00
9.00,442359.84,5269755.50
11.00,443401.78,5269307.50
118.00,397270.00,5208468.00
124.00,396517.40,5207455.00
125.00,396734.03,5207499.00
126.00,396526.56,5207219.00
127.00,399470.87,5206603.00
128.00,399253.12,5206635.00
129.00,399046.53,5206667.00
185.00,382671.53,5222684.50
186.00,382575.81,5222892.00
187.00,382334.96,5222967.00
188.00,382064.78,5222627.50
189.00,381906.25,5222589.00
190.00,381868.81,5222489.50
191.00,381625.59,5222539.00
49.00,383287.34,5206308.00
50.00,383278.93,5206107.00
51.00,383104.96,5206096.50
52.00,383436.31,5206504.50
53.00,383357.53,5206715.50
54.00,383302.06,5206945.50
56.00,382871.31,5207477.50
57.00,382829.56,5207949.50
58.00,382858.59,5208160.50
59.00,382896.28,5208356.50
241.00,389681.09,5280309.00
240.00,389504.53,5280156.50
841.00,644088.56,5286345.50
840.00,644026.75,5286137.00
839.00,644022.87,5285909.00
838.00,644838.00,5285426.00
834.00,645950.62,5285797.00
833.00,645939.06,5285565.00
857.00,657540.68,5281852.00
858.00,657758.62,5281741.00
859.00,657758.62,5281511.00
860.00,658075.18,5281334.00
861.00,658309.56,5281338.50
862.00,658284.87,5281560.50
865.00,657914.81,5281967.50
527.00,650042.75,5274733.50
524.00,649367.18,5273911.00
525.00,649139.50,5274065.00
526.00,648963.25,5274212.00
523.00,648647.50,5273874.00
518.00,648390.50,5273867.00
519.00,648383.12,5274102.00
520.00,648397.81,5274351.50
522.00,648133.43,5274799.50
407.00,656127.93,5274218.00
408.00,656240.56,5274424.50
409.00,656384.50,5274249.00
410.00,656616.06,5274293.00
411.00,656578.50,5274030.00
412.00,656541.00,5273798.50
401.00,657229.37,5272490.50
404.00,656353.25,5272797.00
405.00,656159.25,5272684.50
406.00,656165.50,5272465.50
871.00,647010.00,5268060.50
870.00,646879.75,5267854.00
869.00,647114.87,5267809.50
872.00,647124.37,5267527.00
873.00,646889.31,5267622.00
874.00,646647.87,5267619.00
875.00,646435.00,5267825.50
876.00,646266.62,5267644.50
877.00,646165.00,5267415.50
878.00,645917.18,5267473.00
879.00,645729.75,5267349.00
880.00,645581.12,5267215.00
893.00,637516.18,5269811.00
894.00,637547.81,5270040.00
895.00,637286.81,5270064.00
896.00,635621.81,5270420.00
897.00,635621.81,5270653.00
898.00,635890.75,5270629.50
899.00,636048.93,5270463.50
900.00,636290.18,5270530.50
901.00,635424.06,5270744.00
903.00,635064.12,5271108.00
417.00,630459.37,5289264.50
414.00,629667.18,5289400.50
419.00,628893.81,5289016.00
420.00,629011.00,5289199.00
421.00,629114.06,5289363.00
424.00,628734.43,5291280.00
423.00,628903.18,5291111.50
422.00,629029.75,5290905.00
433.00,617921.12,5271867.50
431.00,617481.06,5272058.50
435.00,617554.37,5272278.50
436.00,617645.31,5272516.00
430.00,616530.50,5271879.50
429.00,616548.12,5272114.00
428.00,616521.68,5272384.00
427.00,616700.62,5272982.50
426.00,616932.43,5272853.50
425.00,616944.18,5273070.50
615.00,569011.12,5327672.50
616.00,568917.25,5327467.00
614.00,568970.06,5327232.50
619.00,568758.81,5326998.00
618.00,568618.00,5326827.50
617.00,568424.37,5326640.00
620.00,568213.18,5326874.50
621.00,567978.43,5326651.50
622.00,567761.37,5326246.50
623.00,567919.81,5325713.00
624.00,568089.93,5325583.50
625.00,568219.00,5325384.00
671.00,574648.18,5327408.50
672.00,574445.87,5327510.00
673.00,574599.62,5327688.00
662.00,574199.06,5326672.50
664.00,574660.31,5326980.00
663.00,574927.31,5327020.50
665.00,575218.62,5327323.50
667.00,575218.62,5327574.50
666.00,574988.00,5327421.00
668.00,575210.56,5327955.00
669.00,575186.25,5328173.50
670.00,575214.56,5328379.50
782.00,603491.75,5311839.00
783.00,603586.18,5311643.50
784.00,603355.62,5311645.50
514.00,599789.81,5310954.00
513.00,599599.25,5310834.00
512.00,599404.00,5310706.50
511.00,598973.43,5310471.50
510.00,598790.25,5310328.00
509.00,598587.25,5310204.50
785.00,610629.43,5313017.50
786.00,610782.75,5312876.50
787.00,611085.31,5312943.00
793.00,610832.50,5313606.00
792.00,610956.87,5313826.00
303.00,395613.46,5258607.00
301.00,395547.25,5258780.50
302.00,395486.09,5258612.00
917.00,624857.37,5141678.00
919.00,625304.75,5141755.50
920.00,625871.18,5141894.50
921.00,625831.87,5142116.00
922.00,625660.37,5142298.00
925.00,625385.25,5142387.50
926.00,624906.43,5142476.50
929.00,624893.31,5141160.50
935.00,626505.81,5139235.50
936.00,626354.62,5139062.00
938.00,626740.93,5138938.50
939.00,627188.87,5139353.00
941.00,638203.81,5135077.00
944.00,637154.56,5134344.00
948.00,635722.18,5133386.50
950.00,645815.00,5176312.50
951.00,645756.43,5176114.50
954.00,646891.56,5176510.00
955.00,647067.31,5176891.00
956.00,647338.31,5176883.50
957.00,647748.43,5176839.50
959.00,647638.56,5176517.50
960.00,647601.93,5176290.50
962.00,640651.06,5174969.50
963.00,640602.31,5174767.50
964.00,640922.50,5174747.00
966.00,641361.06,5174712.00
967.00,641333.18,5174454.50
969.00,641312.31,5174037.00
972.00,642203.31,5174405.50
1002.00,622257.37,5143889.50
1003.00,622288.06,5143643.50
1004.00,621871.93,5141339.50
1006.00,622221.56,5141628.00
1010.00,621633.37,5140788.50
1011.00,621402.06,5140808.50
1012.00,621507.50,5140548.50
1015.00,622706.25,5137361.50
1016.00,623221.62,5137354.50
1018.00,623772.00,5137374.50
1019.00,623739.00,5137139.50
1021.00,623714.00,5136710.00
1023.00,623827.62,5136254.50
1024.00,624006.87,5136095.50
1025.00,642811.50,5115280.50
1029.00,643382.12,5115805.00
1030.00,643443.81,5115552.50
1031.00,644567.25,5116400.50
1032.00,644154.56,5116607.00
1034.00,643757.18,5116729.00
1035.00,644192.75,5116072.00
1037.00,642105.06,5103607.50
1038.00,642253.37,5103388.00
1043.00,643308.56,5102577.50
1044.00,643520.43,5102556.50
1047.00,643929.81,5102164.00
1050.00,647371.12,5117182.00
1053.00,647846.37,5116366.50
1056.00,647725.81,5115579.00
1059.00,646959.68,5114813.00
1062.00,665270.81,5099639.50
1065.00,665468.68,5100554.00
1068.00,665842.81,5101165.50
1072.00,665534.68,5101750.50
1073.00,658292.68,5098473.50
1074.00,658157.12,5098270.00
1079.00,660589.06,5099405.50
1081.00,660580.56,5099854.50
1083.00,660241.62,5099143.00
1084.00,660012.87,5099092.00
1103.00,632007.43,5165203.50
1104.00,631710.56,5165099.00
1107.00,639844.37,5135002.00
1110.00,640043.50,5134255.00
1111.00,639760.43,5134538.00
1112.00,639549.75,5134457.50
1118.00,640330.87,5131640.00
1122.00,639481.56,5131573.50
1123.00,639391.43,5131398.00
1124.00,639571.75,5131749.00
1144.00,673805.68,5107625.00
1145.00,673929.68,5107783.50
1146.00,673587.37,5107521.00
1150.00,675601.68,5107377.00
1152.00,675611.62,5107580.50
1153.00,675418.12,5108954.50
1154.00,675388.31,5108746.00
1155.00,675323.81,5108533.00
1167.00,676214.50,5109701.50
1171.00,633136.87,5163795.50
1173.00,633434.68,5163464.50
1176.00,632891.06,5163653.00
1179.00,632262.18,5164195.50
1180.00,636778.81,5163783.00
1183.00,637315.81,5163394.50
1184.00,637251.00,5163607.00
1187.00,635908.43,5164505.50
1189.00,635399.18,5164190.50
1196.00,679769.81,5005960.00
1311.00,673296.06,5131255.00
1312.00,673185.31,5131402.50
1314.00,673390.37,5130935.00
1315.00,673595.43,5131029.00
1316.00,673464.18,5130754.50
1318.00,673898.87,5130537.00
1319.00,673882.50,5130713.50
1401.00,669107.56,5123734.00
1505.00,675849.31,5109473.50
1506.00,675709.75,5109316.50
1508.00,675884.18,5108976.50
1509.00,676023.68,5108776.00
1514.00,676433.75,5110340.50
1516.00,676180.31,5110483.00
1517.00,679619.06,5115251.50
1520.00,681250.87,5116027.50
1521.00,681490.81,5116019.50
1523.00,682074.75,5116067.50
1524.00,682338.75,5116075.50
1525.00,682578.68,5116091.50
1526.00,682522.68,5115819.50
1527.00,682298.75,5115675.50
1528.00,682490.68,5115587.50
1601.00,679644.68,5006198.50
1602.00,679013.00,5006705.00
1603.00,679042.81,5006928.50
1604.00,679328.81,5007187.50
1605.00,679519.56,5006994.00
1606.00,679403.31,5006794.50
1607.00,679209.62,5006672.00
1609.00,678998.06,5006457.50
1613.00,679679.56,5005060.00
1621.00,680154.50,5003028.00
1622.00,680549.37,5003185.50
1625.00,681821.75,5002728.50
1626.00,681712.06,5002915.00
1632.00,678607.37,5003667.50
1633.00,678678.81,5003453.00
1635.00,678448.93,5004640.50
1637.00,678677.75,5004825.00
1638.00,683824.06,5009119.00
1639.00,684038.68,5009154.50
1640.00,684059.56,5008940.00
1641.00,683958.18,5007932.50
1644.00,683505.12,5009017.50
1645.00,683680.93,5008886.50
1647.00,683546.81,5008740.00
1648.00,683543.87,5008519.50
1693.00,675979.37,5110759.00
-926.00,625128.00,5142409.00
918.00,625069.75,5141728.50
923.00,624166.81,5142598.00
927.00,624699.25,5142530.50
928.00,624484.81,5142562.50
930.00,624949.31,5140954.00
931.00,624943.68,5140730.50
932.00,624495.75,5139050.50
933.00,624507.00,5138810.00
934.00,624311.00,5138905.00
937.00,626197.81,5138899.50
940.00,627160.87,5139106.50
942.00,637321.06,5134586.00
943.00,637104.56,5134561.00
945.00,637204.50,5134111.00
946.00,637162.87,5133678.00
947.00,636938.00,5133711.50
949.00,645888.25,5176546.50
952.00,646891.56,5176210.00
953.00,647045.37,5176363.50
958.00,647477.43,5176671.00
961.00,640790.25,5175136.50
965.00,641166.18,5174837.50
968.00,641319.31,5174252.50
970.00,642196.37,5173988.00
971.00,642196.37,5174204.00
1001.00,622247.12,5144109.50
1005.00,622078.31,5141484.50
1007.00,621737.00,5141620.00
1008.00,621769.12,5141835.50
1009.00,621788.18,5142034.50
1013.00,622719.00,5137803.50
1014.00,622706.25,5137582.50
1017.00,623491.50,5137377.00
1020.00,623714.00,5136930.00
1022.00,623607.87,5136357.00
1026.00,642837.12,5115475.00
1027.00,642954.75,5115621.00
1028.00,643195.81,5115670.00
1033.00,643986.43,5116760.00
1036.00,644337.93,5116255.50
1039.00,642324.81,5103600.00
1040.00,642461.00,5103054.00
1041.00,642927.12,5103149.50
1042.00,643308.56,5103223.50
1045.00,643679.31,5102397.50
1046.00,643912.37,5102387.00
1048.00,644018.31,5102620.00
1049.00,647732.87,5117182.00
1051.00,647520.06,5117388.00
1052.00,647732.87,5116721.00
1054.00,647768.37,5116153.50
1055.00,647747.06,5115813.00
1057.00,647647.75,5115387.50
1058.00,647172.50,5115217.50
1060.00,646725.62,5114784.50
1061.00,665336.75,5099424.00
1063.00,665411.56,5099859.50
1064.00,665393.93,5100365.00
1066.00,665574.25,5100747.50
1067.00,665829.37,5100915.00
1069.00,665715.25,5101328.00
1070.00,665499.50,5101337.00
1071.00,665525.87,5101539.50
1075.00,658402.87,5098287.00
1076.00,658369.00,5098795.50
1077.00,658504.56,5098973.50
1078.00,658691.00,5099109.00
1080.00,660589.06,5099600.50
1082.00,660419.56,5099244.50
1101.00,631927.25,5165645.00
1102.00,631976.87,5165436.00
1105.00,631556.81,5165247.50
1106.00,631749.81,5165355.00
1108.00,640261.43,5134230.50
1109.00,640142.06,5134066.00
1113.00,638684.43,5133021.00
1114.00,638769.81,5132831.00
1115.00,638921.68,5132622.00
1116.00,640340.37,5131232.00
1117.00,640326.18,5131445.50
1120.00,638883.68,5131540.50
1121.00,639083.00,5131635.50
1147.00,673934.68,5108086.50
1148.00,673999.18,5108275.00
1149.00,674167.87,5108126.00
1151.00,675601.68,5107793.50
1161.00,639234.81,5131493.00
1172.00,633279.25,5163615.00
1174.00,633255.18,5163337.00
1175.00,633065.56,5163510.50
1177.00,632593.25,5163903.50
1178.00,632439.75,5164042.50
1181.00,636751.00,5163505.50
1182.00,636917.68,5163292.50
1185.00,637102.87,5163774.00
1186.00,636186.25,5164422.00
1188.00,635741.81,5164357.00
1190.00,635232.56,5164366.50
1191.00,635047.37,5164181.50
1192.00,680094.62,5006103.00
1193.00,680154.18,5005894.50
1198.00,679617.87,5005829.00
1199.00,679549.31,5005999.00
1206.00,706058.37,5071392.50
1207.00,706262.00,5071478.00
1208.00,706474.00,5071529.00
1301.00,666827.31,5122995.00
1302.00,666922.50,5123254.50
1303.00,666944.12,5123462.50
1304.00,666931.12,5123847.50
1305.00,667065.25,5123990.00
1306.00,666818.62,5124124.50
1313.00,673316.56,5131579.00
1317.00,673685.62,5130512.50
1320.00,672627.56,5130570.00
1321.00,672791.62,5130664.50
1322.00,672475.87,5130447.00
1402.00,669007.12,5123569.50
1403.00,668897.56,5123400.50
1404.00,727430.62,5080219.00
1405.00,727593.87,5080074.00
1406.00,727776.93,5080204.50
1407.00,728319.62,5081154.00
1408.00,728342.50,5081389.00
1409.00,728123.37,5081400.00
1410.00,727344.81,5081156.50
1411.00,727414.25,5081380.00
1412.00,727342.37,5081593.00
1413.00,727590.87,5081865.50
1414.00,727475.87,5082045.00
1415.00,727269.31,5082024.50
1416.00,720875.68,5091936.50
1417.00,720963.18,5092190.50
1418.00,721090.87,5092369.50
1419.00,720868.87,5091734.50
1420.00,721086.31,5091723.00
1421.00,721164.87,5091556.00
1423.00,722291.00,5092852.50
1507.00,675552.81,5109142.00
1510.00,675997.50,5108575.50
1511.00,676328.87,5109526.00
1512.00,676493.37,5109681.00
1515.00,676418.50,5110559.50
1518.00,679843.00,5115243.50
1519.00,680091.00,5115251.50
1522.00,681738.81,5116043.50
1529.00,716952.50,5085726.00
1530.00,716775.56,5085868.00
1531.00,716961.06,5085933.00
1532.00,719568.25,5086721.50
1533.00,719602.93,5086923.00
1534.00,719668.87,5087127.50
1535.00,691056.62,5002049.00
1536.00,691292.62,5002108.00
1537.00,691245.37,5002320.50
1538.00,691977.00,5003666.00
1539.00,691906.18,5003553.50
1540.00,691746.87,5003831.00
1541.00,691741.00,5004079.00
1542.00,690183.37,5003972.50
1543.00,690295.50,5004179.00
1544.00,690419.37,5004374.00
1545.00,690602.31,5004173.00
1546.00,690507.87,5003990.50
1547.00,690425.31,5003778.00
1548.00,717914.50,5085475.00
1549.00,718114.50,5085539.00
1550.00,718334.62,5085467.50
1551.00,719501.43,5085735.50
1552.00,719614.31,5085953.50
1553.00,719747.31,5086137.50
1554.00,716212.87,5094161.00
1555.00,716025.00,5094196.00
1556.00,715824.56,5094233.50
1557.00,715621.50,5094184.00
1558.00,715556.25,5093984.50
1559.00,715575.31,5093773.00
1560.00,715415.00,5093647.00
1561.00,715266.50,5093487.50
1562.00,715256.75,5093616.50
1563.00,714754.43,5093686.50
1564.00,714752.62,5093915.00
1565.00,714914.62,5094060.00
1566.00,721745.18,5091518.00
1567.00,721967.37,5091484.50
1568.00,722165.12,5091942.50
1569.00,726826.00,5092675.50
1570.00,727014.25,5092654.00
1571.00,727236.56,5092653.50
1572.00,726739.31,5091291.00
1573.00,726568.87,5091194.00
1574.00,726375.93,5091041.50
1580.00,726069.25,5060070.00
1581.00,726224.68,5060214.00
1582.00,726097.12,5060402.50
1583.00,725858.31,5060580.50
1584.00,725847.75,5060388.50
1585.00,725790.81,5060194.00
1586.00,725861.31,5059279.00
1587.00,725732.06,5059126.00
1588.00,725904.75,5059031.00
1589.00,725657.31,5062346.00
1590.00,725631.68,5062576.00
1591.00,725632.06,5062794.00
1592.00,706746.37,5071631.50
1593.00,706837.25,5071819.00
1594.00,706932.18,5072030.50
1595.00,707249.12,5072083.00
1596.00,707396.25,5072298.50
1597.00,707509.06,5072505.00
1598.00,707489.50,5073075.50
1599.00,707365.68,5073247.50
1600.00,707188.37,5073122.50
1608.00,678780.56,5006454.50
1610.00,679203.68,5006428.00
1611.00,679399.81,5005348.50
1612.00,679472.75,5005139.00
1619.00,680011.93,5002618.50
1620.00,680026.56,5002852.50
1623.00,680673.68,5002991.50
1624.00,680852.87,5002889.00
1627.00,681598.68,5002710.00
1628.00,678330.00,5002710.00
1629.00,678127.00,5002850.00
1630.00,678361.43,5002927.00
1631.00,678818.93,5003667.50
1634.00,678637.56,5002998.50
1636.00,678453.12,5004861.00
1642.00,684157.87,5007810.00
1643.00,684309.93,5007980.00
1646.00,683853.87,5008761.00
1649.00,683543.87,5008284.00
1650.00,699711.68,5021426.00
1651.00,699698.06,5021185.00
1652.00,699689.00,5020975.50
1653.00,699693.50,5020762.00
1654.00,699698.06,5020534.50
1655.00,699720.81,5020312.00
1656.00,699620.75,5022308.00
1657.00,699852.62,5022007.50
1658.00,700089.06,5021607.50
1659.00,700402.75,5021135.00
1660.00,700480.06,5020934.50
1661.00,700593.75,5020730.00
1691.00,676112.62,5110980.50
1692.00,675930.75,5111101.00
1901.00,491736.68,4909624.50
1902.00,491385.56,4909474.00
1903.00,491185.75,4909674.00
1904.00,490782.53,4909672.50
1905.00,490431.68,4909720.50
1906.00,490786.00,4909975.50
1907.00,491091.09,4910279.50
1908.00,491388.06,4909978.50
1909.00,490492.93,4911273.50
1910.00,490491.87,4910973.50
1911.00,534882.00,4929453.50
1912.00,534984.81,4929958.00
1913.00,535389.18,4929965.00
1914.00,535841.12,4929919.50
1915.00,536178.50,4929871.50
1916.00,535982.93,4929162.50
1917.00,535489.68,4928762.50
1918.00,535185.87,4928657.50
1919.00,534986.93,4928657.50
1920.00,525820.87,4930785.00
1921.00,525665.75,4930930.00
1922.00,519765.18,4927264.50
1923.00,520304.46,4928024.00
1924.00,520839.43,4931596.00
1925.00,521184.46,4931551.50
1926.00,523664.50,4933299.50
1927.00,523112.46,4932952.00
1928.00,523311.25,4932951.50
1929.00,569908.93,4906689.50
1930.00,569512.87,4906789.50
1931.00,569309.18,4907293.00
1932.00,570106.37,4907398.00
1933.00,570105.12,4906891.50
1934.00,570701.93,4906793.50
1935.00,570703.25,4906390.50
1936.00,570358.00,4905444.50
1937.00,570554.93,4905644.50
1938.00,570111.31,4905292.00
1939.00,578239.00,4899148.50
1940.00,578137.87,4899553.00
1941.00,577938.68,4899449.50
1942.00,577737.68,4899446.00
1943.00,578642.81,4898955.50
1944.00,535389.18,4928064.50
1945.00,535981.62,4927870.00
1946.00,536367.37,4927970.00
1947.00,546842.43,4929471.00
1948.00,546944.56,4929269.50
1949.00,548361.06,4925360.50
1950.00,548063.37,4925163.00
1951.00,544053.25,4927660.50
1952.00,544358.00,4927358.50
1953.00,544353.18,4928060.50
1954.00,548358.87,4926062.00
1955.00,547054.87,4926263.50
1957.00,564233.93,4899265.00
1958.00,563827.56,4899270.00
1959.00,564335.56,4898969.50
1960.00,565040.68,4899071.00
1961.00,568404.18,4907191.00
1962.00,569210.56,4906086.50
1963.00,569208.50,4906286.50
1964.00,537038.75,4929567.50
1965.00,636524.43,4819071.00
1966.00,636578.87,4818818.50
1967.00,559709.68,4899754.50
1968.00,559913.12,4899954.00
1969.00,578435.25,4899956.50
1970.00,578785.50,4900111.50
1971.00,580216.81,4900583.50
1972.00,580511.00,4900688.00
1976.00,486789.21,4910563.50
1977.00,481854.40,4913146.50
1978.00,482058.03,4913145.00
1979.00,480402.90,4910124.00
1980.00,630498.93,4820247.00
1981.00,630486.75,4820746.50
1982.00,624834.56,4823060.00
1983.00,629873.56,4821233.50
1984.00,638275.12,4826986.50
1985.00,638074.87,4826983.50
1986.00,636091.75,4828693.00
1987.00,635528.93,4829624.00
1988.00,634828.37,4829908.50
1989.00,628780.31,4831564.00
1990.00,616478.12,4839557.50
1991.00,610999.18,4840845.00
1992.00,611358.87,4839993.50
1993.00,611654.68,4839696.00
1994.00,608708.50,4843557.00
1995.00,609510.18,4843577.00
1996.00,614086.25,4833375.00
1997.00,614082.18,4833577.00
1998.00,614073.56,4833977.00
1999.00,615383.00,4833597.00
2000.00,614054.93,4835178.50
2001.00,613655.81,4835273.00
2002.00,605091.87,4849991.50
2003.00,607818.56,4848351.00
2005.00,601402.00,4849355.50
2006.00,601291.62,4849953.50
2007.00,601356.81,4851839.00
2008.00,562328.87,4831368.00
2009.00,562327.00,4831568.00
2010.00,562926.62,4831682.50
2011.00,563426.81,4831899.00
2012.00,563728.62,4831613.50
2013.00,563633.31,4831411.00
2014.00,564994.75,4835722.00
2015.00,580283.12,4844468.50
2016.00,585961.75,4841453.50
2017.00,588249.25,4841190.00
2018.00,588518.00,4840345.00
2019.00,587313.43,4840318.00
2020.00,587714.50,4839924.50
2021.00,588496.18,4837677.50
2022.00,590045.31,4842422.50
2023.00,590639.06,4843326.00
2024.00,593244.18,4847212.00
2025.00,593497.12,4847263.00
2026.00,592283.50,4847447.50
2027.00,602874.31,4851065.50
2028.00,602769.12,4851359.00
2004.00,606522.68,4848318.50
2029.00,606481.93,4850521.00
2030.00,533970.00,4864255.00
2031.00,534577.00,4863653.00
2032.00,534326.25,4863705.00
2033.00,547611.50,4860099.50
2034.00,547864.93,4860052.50
2035.00,548622.50,4860702.00
2036.00,548265.37,4860854.00
2037.00,555662.25,4871170.00
2038.00,554376.87,4871162.00
2039.00,554582.43,4870571.00
2040.00,552586.93,4860878.00
2041.00,552387.81,4860876.50
2042.00,527244.87,4881259.00
2043.00,527692.75,4881510.50
2044.00,527647.06,4880463.00
2045.00,527548.12,4880161.50
2046.00,528291.00,4880314.50
2047.00,575127.81,4883209.00
2048.00,569244.00,4883375.50
2049.00,569144.12,4883170.50
2050.00,570451.75,4883171.00
2051.00,570394.43,4883616.50
2052.00,575014.87,4883794.50
2053.00,579136.68,4882407.00
2054.00,581597.00,4883110.50
2055.00,582609.37,4882112.00
2056.00,579627.12,4883473.00
2057.00,599926.37,4880817.00
2058.00,600330.00,4880715.00
2059.00,601229.68,4880224.50
2060.00,601183.50,4879569.50
2061.00,601079.25,4880270.00
2062.00,596526.93,4888739.50
2063.00,585833.18,4890622.00
2064.00,585833.56,4889424.50
2065.00,584671.56,4889958.00
2066.00,579807.18,4888821.50
2067.00,579401.37,4889124.50
2069.00,575892.56,4888020.50
2070.00,576492.75,4877845.00
2071.00,575799.75,4877828.50
2072.00,575596.50,4878122.00
2073.00,579719.43,4885482.50
2074.00,580100.93,4884839.50
2075.00,629051.87,4866999.00
2076.00,628865.43,4866694.00
2077.00,628472.31,4866688.50
2078.00,627655.50,4868202.00
2079.00,627661.12,4867781.00
2080.00,627616.37,4867434.50
2082.00,545709.12,4875465.00
2083.00,593964.43,4849968.50
2084.00,593399.81,4850611.50
2085.00,590407.00,4846116.50
2086.00,594156.12,4830856.50
2087.00,593945.37,4830649.00
2088.00,594203.50,4830506.00
2089.00,594356.87,4830458.50
2090.00,525864.87,4879258.50
2091.00,525862.87,4879457.00
2092.00,531360.93,4864045.50
2093.00,580919.12,4900293.50
